round,client_id,battery,cpu,memory,training_energy,communication_energy,timestamp
1,2783944521264332804,27.93919737103169,22.064665645240254,23.931835399496872,0.01,0.05,1749976718.3445756
1,2277463216277452806,39.28526091394791,21.57154188167042,24.95662469346179,0.01,0.05,1749976718.356146
1,-1001217304147527670,22.17528124528666,35.45746731377696,30.11904736382113,0.01,0.05,1749976718.3767385
1,-2697582846930411501,30.60676266907756,36.809924377456575,31.530390120664748,0.01,0.05,1749976718.3824272
1,-3496498110043824107,22.50313571024325,35.32518858215857,23.16516283210038,0.01,0.05,1749976718.3880033
1,8552059241961435156,29.885825388242846,38.693987495749454,35.32256897534951,0.01,0.05,1749976718.393974
1,-6871773080057147365,29.346942383591365,29.360201126542485,21.97646406045461,0.01,0.05,1749976718.4001763
1,3264603375885355032,24.1208472385553,22.778561650879098,38.63816360561853,0.01,0.05,1749976718.435011
1,3674215807325853722,23.01644150320594,30.535049073535795,35.81787360337973,0.01,0.05,1749976718.4404278
1,4475505639930329123,33.84415221671462,36.700945207191154,25.46694589546404,0.01,0.05,1749976718.4453368
1,3702909564784511011,21.935710132159965,27.331151667708177,22.813428360465167,0.01,0.05,1749976718.4503942
1,7330151208245940261,32.277342847178545,39.916239768288136,33.972537799306345,0.01,0.05,1749976718.4665632
1,9217013792458313766,27.177315971223884,26.65633523540404,31.423391912742684,0.01,0.05,1749976718.471846
1,-4457730604504483794,21.470586350043213,26.46876936816575,27.365901725916245,0.01,0.05,1749976718.4768667
1,-6337347326474405840,32.258753601338235,34.24748555033764,20.289228072117403,0.01,0.05,1749976718.536496
1,7019600801491544108,27.0640042143533,21.20085266470771,38.880515188354074,0.01,0.05,1749976718.5417187
1,5646741350199552049,28.733247963319645,26.49604506725619,26.786687832257588,0.01,0.05,1749976718.5475862
1,-8143672571346925506,34.297411082024134,20.032557996065744,29.665203353625593,0.01,0.05,1749976718.5529535
1,-8819624333714446272,31.299247966345657,37.882822720091006,39.64688232078166,0.01,0.05,1749976718.559164
1,-8445308917268385722,24.016615042730173,36.4556836946354,23.026498986268194,0.01,0.05,1749976718.5669994
1,-9215717199318910899,30.043759559984935,37.780229701027345,29.07095858817816,0.01,0.05,1749976718.6326532
1,8121662582802157640,23.28182978117673,32.379787244478926,25.483609349267024,0.01,0.05,1749976718.6403766
1,7178271905647278153,38.26793874518212,32.40673544923224,37.42687910691981,0.01,0.05,1749976718.645775
1,6553436488100784203,33.7931141065657,37.14341985017829,30.56492546402765,0.01,0.05,1749976718.6509542
1,-6607279054329612208,21.104186011216086,32.53970194836553,30.059219000837313,0.01,0.05,1749976718.6566017
1,3731194987998855244,22.008342429240972,36.930147079613036,28.32086771495382,0.01,0.05,1749976718.6618247
1,-3203554749945503666,35.95729268151359,28.82974872088848,23.899457846882985,0.01,0.05,1749976718.667128
1,3474952592091265105,32.40830666352864,26.257895467610666,35.04096519643252,0.01,0.05,1749976718.7324522
1,-6625736076349394858,32.14190344096265,30.348236586671753,30.979856874292256,0.01,0.05,1749976718.7397783
1,-7987822820769464232,26.911707603202395,25.221600227694758,28.566181549780254,0.01,0.05,1749976718.7549617
1,2529632501960968279,24.88358223603379,24.54765092517023,35.23924076961408,0.01,0.05,1749976718.7600136
1,1733126240261572699,29.524964304709524,26.31452898148641,29.00954827296745,0.01,0.05,1749976718.764869
1,-4378472489836709794,33.48881600074706,24.580882778556287,35.49218070579051,0.01,0.05,1749976718.7698445
1,1230014080324583519,25.712098425188024,23.55440245278303,32.99611181989274,0.01,0.05,1749976718.7748065
1,1332795975019446369,35.60398355320753,32.69220637538847,32.21249402934552,0.01,0.05,1749976718.8355477
1,-2249083415751479199,38.110464998824284,36.01230973258795,27.032677830731075,0.01,0.05,1749976718.8440785
1,4249109148025401441,30.276397368678182,26.563929725275592,24.243539622647678,0.01,0.05,1749976718.849207
1,4659699256303214692,22.110089308528885,36.72971188677892,36.54592804601961,0.01,0.05,1749976718.8539584
1,-4208915477878794135,33.92745379437337,39.56054773413695,21.23072217269631,0.01,0.05,1749976718.8697498
1,3744290038567938152,25.533518350972678,35.95735578171552,29.706600418405248,0.01,0.05,1749976718.874885
1,4652509166321709164,25.47272130736296,26.462627620436706,29.779423709905338,0.01,0.05,1749976718.880658
1,-8344686505588244366,27.131764243246487,36.86623017247958,32.93581478535959,0.01,0.05,1749976718.9366689
1,3892421865587462255,35.06177472008925,27.789501921387306,24.637577313632768,0.01,0.05,1749976718.9438589
1,2913846915807760497,34.93801961362779,25.41417390587541,35.13637005859452,0.01,0.05,1749976718.948937
1,-5932208730457749385,21.30541721653636,22.83987803021924,37.08937133072275,0.01,0.05,1749976718.9545174
1,4045183483256424569,29.411273475423144,20.508678359982724,30.413221620076207,0.01,0.05,1749976718.959421
1,221295865339734141,27.688934286543407,28.193416100794938,29.437919418799424,0.01,0.05,1749976718.964591
1,-423059223828598657,24.53801824997553,31.448841582723432,29.650802240088346,0.01,0.05,1749976719.0363944
1,3107913139300536449,29.84233250926742,38.33172297845009,28.50246651726233,0.01,0.05,1749976719.042628
1,2203642075868285063,31.601151389537627,24.89447603227248,21.164721334720785,0.01,0.05,1749976719.0502484
1,8286279148483510405,39.19731339014426,32.30730081201963,23.86524519925713,0.01,0.05,1749976719.055687
1,4865321814815328392,25.7564762731755,24.842725498900407,29.69581620573768,0.01,0.05,1749976719.0609455
1,3934398822700699786,34.43011565459471,35.76269667576107,35.11496688173878,0.01,0.05,1749976719.0661395
1,6710897516243923087,39.11855484282718,29.190643039860852,28.938010164314047,0.01,0.05,1749976719.0714967
1,2110270543115339921,33.636908239083,39.310191224774925,20.855996934617405,0.01,0.05,1749976719.1356645
1,7323786833327202450,24.41518913099387,27.14463848320773,27.70345028519871,0.01,0.05,1749976719.1410766
1,-6167368236468223848,28.14417448654362,21.422220999030607,32.334439045740396,0.01,0.05,1749976719.157492
1,742033013794218135,26.120362908519425,37.6001443402631,26.792701303597198,0.01,0.05,1749976719.1628048
1,8228752432212287634,37.70961420986633,27.623673312866522,26.171122634630784,0.01,0.05,1749976719.1680095
1,8396951445531652245,39.955957059157484,33.720747804512506,30.799962005789276,0.01,0.05,1749976719.1732376
1,-6802480876386334568,36.44378942802024,31.121972710362627,20.903913022446844,0.01,0.05,1749976719.1786098
1,-7782059651228141408,29.760606957945466,31.876636882950063,33.41976929431057,0.01,0.05,1749976719.239076
1,-926667459872239455,22.207162161252512,31.20651958442943,36.030536571248554,0.01,0.05,1749976719.244912
1,-3523633291103172444,28.111701906194263,22.37996060421324,37.711051644996445,0.01,0.05,1749976719.2519512
1,3105165150491984040,24.612447839428242,36.212023985258604,22.13641257536221,0.01,0.05,1749976719.2569792
1,-293335641801639763,20.168132096510945,34.96407109008857,23.976383470198023,0.01,0.05,1749976719.2737842
1,-8637719078445713230,31.44453240295788,28.106258368774597,39.983708565238324,0.01,0.05,1749976719.2790158
1,-4745529052350822223,38.1036938923408,25.33914821397604,32.09632769383292,0.01,0.05,1749976719.2844853
1,5135218483626526895,26.867020910704998,39.74424576702705,26.398867104869364,0.01,0.05,1749976719.3414922
1,-5722247546590338891,29.296809661937218,36.88267992448159,30.75128988520219,0.01,0.05,1749976719.347085
1,-712955152542467909,22.613895093745395,36.253689134374895,24.75124920985109,0.01,0.05,1749976719.3547792
1,-1684450321766920004,35.53592027311,21.02454794707333,22.302928928775685,0.01,0.05,1749976719.360169
1,2073520301888954561,33.21555163940055,34.7229237982504,24.484575478106404,0.01,0.05,1749976719.3655934
1,-2831121225993690940,30.699775129627575,35.75069124224677,21.197259801956548,0.01,0.05,1749976719.371066
1,5978378460051671234,21.050190231412266,39.63481071196725,23.66791601362853,0.01,0.05,1749976719.4503312
1,-3025365118974576438,22.03797428348608,25.843602227638602,32.29017423892478,0.01,0.05,1749976719.457845
1,-7681598167129298738,34.22990741115542,23.478221845173547,37.70838681496288,0.01,0.05,1749976719.4631572
1,-1757953669534400308,37.97462286808786,37.63625974262496,25.16279017347164,0.01,0.05,1749976719.4684992
1,-8920902347519766321,26.03105711349649,21.382222852249292,24.522737430677005,0.01,0.05,1749976719.4741554
1,1620357865082333401,29.886815981594232,30.941062749522615,36.59714252641181,0.01,0.05,1749976719.4796753
1,4370796631673655512,25.13224640551905,20.29604999658035,39.76219347677551,0.01,0.05,1749976719.484769
1,8704725112588402904,25.965005137429564,36.16650226331846,36.774040584071784,0.01,0.05,1749976719.538097
1,2393609905733269726,23.10096138799179,23.519102121790404,28.707218832064562,0.01,0.05,1749976719.543524
1,-1875584066654578465,25.96672149587277,31.57101886066679,37.0438717213058,0.01,0.05,1749976719.5605323
1,-2911104833012797211,20.122470977233185,36.983740019165154,39.886410012955224,0.01,0.05,1749976719.5663276
1,-2289174308002918165,37.32826762227786,25.4448608900337,23.65113315871073,0.01,0.05,1749976719.5716014
1,-2604277532796845840,24.09661194036846,27.82708776877036,22.830680477518623,0.01,0.05,1749976719.5766313
1,203671291555356913,29.644310731455363,26.48162784526406,24.79699060664349,0.01,0.05,1749976719.581887
1,4805709504041175290,33.6361387795596,31.977659392221266,20.944202724232994,0.01,0.05,1749976719.6396348
1,-5326451712532274946,29.628478826294973,27.726009307285302,38.08451148122912,0.01,0.05,1749976719.6466343
1,5903600270689036540,33.52528985772077,20.315696138273335,35.61692344346452,0.01,0.05,1749976719.6529686
1,-254778862473103105,39.84790259565071,21.95960065479981,21.427283525808264,0.01,0.05,1749976719.657946
1,-6822572146880079613,23.751736973691976,21.24396366376056,26.69484479578162,0.01,0.05,1749976719.6753771
1,-4493197083501420284,22.777845635624466,31.086294469442016,31.879054407926315,0.01,0.05,1749976719.6817923
1,7618730874754660611,30.265944683496834,33.20696058148629,29.634075161880578,0.01,0.05,1749976719.6866257
1,2268024587824791817,32.4074860850039,23.402485432337436,23.600110467518903,0.01,0.05,1749976719.7420912
1,8468026234489575692,37.73446582017117,36.44292925173277,22.750703256293914,0.01,0.05,1749976719.747308
1,-5608263885201819371,35.630814478004474,36.74806702021546,36.83424317050783,0.01,0.05,1749976719.7522633
1,6479214190254739730,27.326581997496483,33.532652799196256,23.55276989732629,0.01,0.05,1749976719.7572074
1,-6274862854092234472,20.24121928030794,37.67585318247205,23.967442052332824,0.01,0.05,1749976719.7622738
1,1192592272724248854,26.2856395757449,26.439993735490148,31.202558385425064,0.01,0.05,1749976719.769615
1,-7830550697571516130,39.71519919555482,21.179517586321335,23.674239719533748,0.01,0.05,1749976719.7747076
1,5014744448358648091,26.506096815505998,25.437655579732677,27.033710430532437,0.01,0.05,1749976719.8437135
1,8270428569268832538,33.74700958163173,20.701468004778242,30.14992951080773,0.01,0.05,1749976719.8497283
1,-7594675635888570078,21.36964523686024,24.110451959032307,39.79840416421011,0.01,0.05,1749976719.8549235
1,5922792545316159774,34.19347770721993,27.44681578225546,33.77170308554421,0.01,0.05,1749976719.8598568
1,9136736840602190109,21.26183945280799,29.298349815498806,30.37770795823198,0.01,0.05,1749976719.8650148
1,1160414661946304800,31.433505007417246,22.50032673596129,31.351242224011074,0.01,0.05,1749976719.8728209
1,-7839877482466811606,31.618496157939667,24.591819823086947,31.382452443963803,0.01,0.05,1749976719.8780916
1,371154332604082472,34.245724391089226,38.501316871270475,32.7404409815756,0.01,0.05,1749976719.9440804
1,4183742721255827760,23.830824742313165,28.685184946129855,27.459753617989957,0.01,0.05,1749976719.9495757
1,-8192206138673424075,29.234624224071776,29.35003770790307,23.44550370192384,0.01,0.05,1749976719.9664714
1,558364374016817465,23.090942216072364,39.22074783941328,35.306364734473455,0.01,0.05,1749976719.974537
1,2109781240380793151,39.07891548036601,29.575168104390194,33.073706382996534,0.01,0.05,1749976719.9800003
1,-6332869456892638910,29.6052748996334,31.16077210204116,23.791326897332517,0.01,0.05,1749976719.985624
1,5766344483021476161,23.16557520214294,34.655918272528226,36.28031466461996,0.01,0.05,1749976720.042276
1,-6972055089421319862,37.46121099205678,21.751776772538754,20.719180742974245,0.01,0.05,1749976720.0489156
1,5613964240015450438,30.40478718495839,37.03141732581189,35.17173060316021,0.01,0.05,1749976720.0551286
1,2545276127303655755,36.8202152617528,21.558484708341133,37.93887511609975,0.01,0.05,1749976720.0620189
1,710516935162736981,36.165988702997495,23.20201063123732,35.85084489411757,0.01,0.05,1749976720.0685625
1,-22438519665442474,39.681109510288536,26.3073912398708,29.354155663588916,0.01,0.05,1749976720.0860717
1,8472180735558005079,34.68229346291538,22.660467640805248,30.02793287922511,0.01,0.05,1749976720.0915492
1,-6802365009907572387,23.435589658033596,23.497040500601546,28.235073856670482,0.01,0.05,1749976720.142491
1,8775089563348021593,27.909502079157708,38.50009518257037,37.289981151958635,0.01,0.05,1749976720.1480308
1,4316082635628505442,33.066618011754215,30.557578991096065,22.089654976845527,0.01,0.05,1749976720.1536424
1,6712082183568216420,26.905827141857827,20.345417748078773,27.867436356679296,0.01,0.05,1749976720.1592062
1,7929106002112483688,30.559500812583096,24.323731697251763,24.085630785477598,0.01,0.05,1749976720.1645083
1,3477176545121786221,32.35376608599935,37.488862369454566,29.87114956612716,0.01,0.05,1749976720.169613
1,5354324760194572657,20.644509223076373,39.28479763259304,37.307480002251296,0.01,0.05,1749976720.176477
1,-5501503385264471690,23.955844028565203,30.98959314207962,34.93638175515375,0.01,0.05,1749976720.2575426
1,8827562855221936496,24.284588333063013,33.34642040191213,34.03952222240882,0.01,0.05,1749976720.2631397
1,-782464072501423754,20.091546150963595,34.17100027572745,28.7197118874812,0.01,0.05,1749976720.2683573
1,-1502908579073048201,36.70230476692876,29.50128261542956,37.371566796846764,0.01,0.05,1749976720.2737384
1,119109879743193464,29.04715999232175,39.50687050647005,27.275354493899087,0.01,0.05,1749976720.2815802
1,5931661810299279738,31.484224637763578,21.996900137198825,38.56680041803483,0.01,0.05,1749976720.287151
1,2583915540703658365,39.025672835637934,34.63222576559795,37.64134112260954,0.01,0.05,1749976720.29254
1,8528587910669611388,25.601784185479072,28.72349725342224,33.90698274410519,0.01,0.05,1749976720.3466866
1,-5997771805844055677,34.343047897040734,34.55225630041911,26.535787293253236,0.01,0.05,1749976720.3522978
1,-4209320640247047804,24.33471226309457,31.28706973965322,25.950796957831496,0.01,0.05,1749976720.3693209
1,2961058697361353092,36.50228507733373,33.76684343760304,34.50808090604317,0.01,0.05,1749976720.3748205
1,2366818053095551371,34.61345513768835,38.26808865332055,30.850707933865337,0.01,0.05,1749976720.3840945
1,8033082983645329804,23.22399535602829,20.460334670696355,35.804420933721055,0.01,0.05,1749976720.389274
1,5384950322847230353,29.034785543576227,20.10704071591652,22.617452545261624,0.01,0.05,1749976720.44418
1,4155413489773093269,30.41957095346635,21.838218236811905,28.747866201192025,0.01,0.05,1749976720.450548
1,-53803378577276520,39.95190838740301,36.68988551556377,30.123525850959382,0.01,0.05,1749976720.4569407
1,-5495528893199193700,35.919745554898,38.35993112704921,36.299758662935986,0.01,0.05,1749976720.4626565
1,9100217642633376155,32.23898531864894,24.646889470649437,21.364425516679137,0.01,0.05,1749976720.4686337
1,8052434509375576477,24.386747695655,37.29195840869814,22.194199053609275,0.01,0.05,1749976720.48748
1,-31313472643780191,35.49874565676622,39.72476005449977,33.24191782240802,0.01,0.05,1749976720.4928794
1,9019203681089235360,35.221562221263014,26.27772823498809,33.36753075576646,0.01,0.05,1749976720.5452764
1,7521430690109450659,36.84637018525128,25.46360508465596,20.390576870249003,0.01,0.05,1749976720.5506773
1,1407340664349358504,33.339928556395506,31.216161924518453,36.36589146681062,0.01,0.05,1749976720.555857
1,8913612147422564775,21.13958485819759,33.64851848497668,22.02061682302811,0.01,0.05,1749976720.561787
1,2861797212505276841,27.44851497665605,31.45940114982352,26.510130930021056,0.01,0.05,1749976720.5670426
1,-2109539744156487254,37.592080082104154,24.147222216728714,28.176794305482037,0.01,0.05,1749976720.572531
1,-3536812137142646353,38.556543536816676,24.857754081016303,35.22765126981368,0.01,0.05,1749976720.5773807
1,-7241499947944824399,26.639744884910932,26.738861279188576,31.77916769993111,0.01,0.05,1749976720.6458545
1,6369425006423327153,39.08190472096953,32.877819161338294,33.98243519650693,0.01,0.05,1749976720.652274
1,2295940705426147763,31.295587665193565,35.654190200778416,39.72509733725588,0.01,0.05,1749976720.6582522
1,1757759896462956985,21.573098396891968,36.96317867919128,31.374371819924832,0.01,0.05,1749976720.6641953
1,6889810767061672376,32.33566594113954,22.937086915933754,21.995758524722312,0.01,0.05,1749976720.6700654
1,-3508332581695991362,22.718784562688533,22.304274343165858,23.455336688526994,0.01,0.05,1749976720.6761436
1,-3577039255599185469,33.8807921091474,35.816348044548306,27.821946174227193,0.01,0.05,1749976720.682612
1,8024965099868580293,36.1115402028417,35.149825582629255,32.58818275232626,0.01,0.05,1749976720.746929
1,5904946937034359238,36.30645955267629,29.2126587273846,34.73969712739883,0.01,0.05,1749976720.7537987
1,1266144581173168588,26.80555848918474,30.128185115988693,23.627686937502403,0.01,0.05,1749976720.773894
1,-6859770135987254826,37.217275512283216,23.953628668882992,24.339369511469865,0.01,0.05,1749976720.779766
1,-646095525908629031,32.77815984615259,36.618910065454614,25.651408549613162,0.01,0.05,1749976720.7856648
1,8819958315024144856,30.988146933094434,35.13171569906521,38.36417360142195,0.01,0.05,1749976720.7937882
1,-926137864437306913,29.58578584883565,22.08935259066728,32.35358386939163,0.01,0.05,1749976720.7987254
1,-2656775354938228253,22.707589813933236,38.39563165298739,27.544873185653483,0.01,0.05,1749976720.850808
1,2470647714524838370,26.19978547420283,29.689912691576097,21.72665777206228,0.01,0.05,1749976720.858111
1,-4999132359719503386,20.210084942865784,28.7599138403623,27.680187658405455,0.01,0.05,1749976720.865334
1,-1731161782237099547,32.97609621212671,38.524753228015435,25.198271424893573,0.01,0.05,1749976720.8726065
1,-3115024729006366235,34.31088211017106,37.45691483039407,39.1603988285124,0.01,0.05,1749976720.8905795
1,-5349350954838871572,26.167559963138714,25.86118664111175,39.67382532966525,0.01,0.05,1749976720.8983781
1,-8529639280593401361,31.538595107637136,31.006024903854335,39.77857596617577,0.01,0.05,1749976720.905138
1,1638948693833163246,32.75702266552958,39.153257732220624,34.26428969890785,0.01,0.05,1749976720.9507787
1,3303988134638862830,28.70998946912298,31.410507131128313,36.055234724396186,0.01,0.05,1749976720.9564984
1,-8167573692914593290,31.34543238935819,29.938936566543674,36.82358490469241,0.01,0.05,1749976720.9624233
1,-2206428545647554060,36.08716310186857,34.97625949689514,23.976338704131116,0.01,0.05,1749976720.9682395
1,-5331248570348207621,26.458712496932115,29.692652084990115,23.142526020878684,0.01,0.05,1749976720.9740522
1,7641899471395779063,32.973161625857706,28.47693430127135,25.87838642919024,0.01,0.05,1749976720.9798295
1,-5150031856179492355,22.9848987392764,24.873434497063755,26.823771880131353,0.01,0.05,1749976721.048373
1,7429230264484260346,29.957655649834027,20.042681199526477,25.964233803355803,0.01,0.05,1749976721.0544302
1,-1257489408566015490,20.82571235558756,30.046590994314997,30.877848306664102,0.01,0.05,1749976721.0605156
1,-880444712731260417,35.58500390913148,21.502136444877255,32.59455731108966,0.01,0.05,1749976721.0662434
1,-2627400211223469564,24.82569584010569,24.222622185194666,33.33076532390002,0.01,0.05,1749976721.0714993
1,8926550097483287042,31.17034120936232,39.295339595859716,24.163788098627634,0.01,0.05,1749976721.0766833
1,3931697365011352070,37.05741454177447,21.43924430116234,30.789156956354873,0.01,0.05,1749976721.0818722
1,8027358334806723081,22.269025849878822,32.9742276228051,32.53891098735805,0.01,0.05,1749976721.14898
1,5138335714999194132,32.94241155129819,25.086359782644127,35.767433030053624,0.01,0.05,1749976721.1545627
1,8208133744799238675,33.74632828889456,29.379492621785587,39.70686593868538,0.01,0.05,1749976721.1711097
1,5971234156951024155,37.54607800473795,38.854920233154004,20.041755030742543,0.01,0.05,1749976721.1763234
1,4867399500042369563,21.969192209219482,39.59069519456206,27.624119426146663,0.01,0.05,1749976721.181518
1,3742040444028740126,33.011406312606724,36.320611514543586,36.58936014858655,0.01,0.05,1749976721.1868265
1,4183841511447239199,32.23754515770709,35.328758122044846,31.82269699966183,0.01,0.05,1749976721.1920586
1,5447836373618481693,38.03666861045535,27.826908505732554,23.66350242202796,0.01,0.05,1749976721.2528782
1,6441523915654691357,24.627805652590048,37.61665127283841,36.97455988794996,0.01,0.05,1749976721.2590988
1,104618155699137059,33.086844154730514,21.800733816673432,27.973745800325965,0.01,0.05,1749976721.2643816
1,-5283485229908856283,35.8233351304667,38.51820203598817,33.698189382270584,0.01,0.05,1749976721.269545
1,-9177232053894079960,26.053495163513944,27.130668105424615,20.73221341006645,0.01,0.05,1749976721.285856
1,203774601465930278,23.540357883414906,20.214279375345868,28.931751028267026,0.01,0.05,1749976721.2909186
1,-8291724929893961176,37.578609551107675,38.0382652922067,22.033384463288222,0.01,0.05,1749976721.296148
1,1386764898658523688,28.236921792694865,24.327584090348175,34.869699594673996,0.01,0.05,1749976721.3530574
1,1241584875999388201,35.65181306710814,29.753551985168794,25.299965800395416,0.01,0.05,1749976721.358071
1,-1991020446659177944,23.938971153807188,34.214105359058266,37.114510587055676,0.01,0.05,1749976721.363065
1,8993947012391993896,24.534575311379776,30.922565996689265,22.42191435133978,0.01,0.05,1749976721.368232
1,-5281513326120297939,25.904729667037678,26.557814840999598,33.491029513867346,0.01,0.05,1749976721.3738642
1,8222879959615504938,21.721218348712036,38.644395666783296,30.62689634818849,0.01,0.05,1749976721.3790061
1,4042378240791026222,39.05925482622761,32.24971941177744,25.18599545002605,0.01,0.05,1749976721.4515378
1,-2123628997354689998,35.81268318146087,21.138381519423135,33.698535497890575,0.01,0.05,1749976721.4571543
1,3712120760682740274,34.73868160308605,29.342037529051098,37.826368233656964,0.01,0.05,1749976721.4624455
1,-374323217850480065,39.89962636272457,34.77261640974129,22.620367149442984,0.01,0.05,1749976721.4674888
1,-1928588487935542720,22.467633652994486,24.475440396965823,33.45539199007491,0.01,0.05,1749976721.4731228
1,8097368841936192065,30.6914087746102,25.791790402427182,38.34687876185024,0.01,0.05,1749976721.4786596
1,-3516092679697102254,33.1831409279735,27.94516699705703,35.108107271569466,0.01,0.05,1749976721.4838424
1,8783266960978651729,26.477760945669054,30.523206476854153,39.32628782494499,0.01,0.05,1749976721.551625
1,-3933076765664538025,21.626040698537125,21.34392797531648,38.90399284275272,0.01,0.05,1749976721.556955
1,-7820760508806868389,23.7127164582493,34.136716431347196,34.58475983954682,0.01,0.05,1749976721.5739303
1,-8771406939590888866,37.630055012113075,29.286537183195684,25.575352179086416,0.01,0.05,1749976721.5793343
1,-4641089550586240417,21.707700754311848,37.80600661200083,28.686180082514007,0.01,0.05,1749976721.5845025
1,-1674476553328303522,28.643090072621543,32.89680149614994,28.66657554534951,0.01,0.05,1749976721.589828
1,-6322819258668877215,30.479341142724927,29.91463149846945,21.075021299905085,0.01,0.05,1749976721.594876
1,-7520667227731197342,29.520491222788845,23.326881119184538,39.5469532232605,0.01,0.05,1749976721.6528366
1,7378911984294670945,34.10715827719369,25.126024515966968,34.5166499246823,0.01,0.05,1749976721.6587284
1,8510076219344411234,20.478341254661466,34.725368137416325,27.38778226904661,0.01,0.05,1749976721.6642334
1,5672467758103822947,25.8494650994518,34.78324896307673,30.031222277335775,0.01,0.05,1749976721.6693885
1,-3045791975525918106,26.294114733110263,34.56525264903477,21.87041091714368,0.01,0.05,1749976721.68748
1,-6038012257530889611,24.75291582878502,35.00608673479217,32.21861099883507,0.01,0.05,1749976721.6928444
1,5772412401488183922,31.491589891989662,24.816962475085095,34.43306070029119,0.01,0.05,1749976721.6982625
1,-1489037431545263500,28.340163328625305,30.315519687522873,24.175343595813683,0.01,0.05,1749976721.7528412
1,2318421947139443325,23.655677298321123,33.89044676729239,21.72786084632065,0.01,0.05,1749976721.7594476
1,5981470507853437564,37.67225003754524,30.56055644746298,22.94768747658978,0.01,0.05,1749976721.7647274
1,3000161966360130175,36.132879258444895,34.496562338165106,39.95938241898237,0.01,0.05,1749976721.7711713
1,5772111396085445250,20.910938850439575,36.21195260824481,22.79795874548836,0.01,0.05,1749976721.7772453
1,3860272295578323588,20.0176098642406,34.26719153115269,25.777944382483536,0.01,0.05,1749976721.7825248
1,-3700124685688122738,37.22421481664595,22.387324055922658,20.11652626711492,0.01,0.05,1749976721.7992907
1,3787363021899909772,20.093100172711033,39.20833853435134,23.103677307567438,0.01,0.05,1749976721.8535755
1,-5184058712545473903,23.106931605197207,38.96071883723488,26.752281702213484,0.01,0.05,1749976721.8597975
1,-3649152792232195438,22.354698482509804,27.237945425066084,26.804172354642503,0.01,0.05,1749976721.865015
1,-6707715122696422757,32.27708292052497,30.965011611441675,20.61314061288418,0.01,0.05,1749976721.8699248
1,1126283911154328218,21.771434252472986,21.49783789568015,31.462471189762,0.01,0.05,1749976721.8749003
1,2596069443768390298,22.158548897476685,20.05214872745501,28.19607872384177,0.01,0.05,1749976721.8798072
1,-3050043542725358950,32.892673563464584,30.061406886405557,27.449408175877174,0.01,0.05,1749976721.8849883
1,2833945101676272289,29.367246442444827,28.66642560183518,25.416099346270407,0.01,0.05,1749976721.9543278
1,6610749148720005659,29.39727767281794,27.386688267927042,35.390786867475086,0.01,0.05,1749976721.9699662
1,-4528321915744318807,24.227294377075488,34.46202961077223,24.877920681477196,0.01,0.05,1749976721.9748423
1,8397348378400088742,24.783567993290394,25.175442947360715,20.407317471861045,0.01,0.05,1749976721.9799476
1,150367626815234732,21.77239364608315,38.33488559215951,30.10090920192586,0.01,0.05,1749976721.9851458
1,648669859987374766,36.665998870967115,34.90716919912131,34.68019741418196,0.01,0.05,1749976721.990391
1,-8008143004867147081,30.513938673903734,29.70655573682199,25.379171405694418,0.01,0.05,1749976721.9957175
1,-774152715927084347,25.90364098887926,21.43320574174992,34.799667090053376,0.01,0.05,1749976722.0590153
1,2745589523922268869,21.00523879489188,35.348398524349456,35.90281032956618,0.01,0.05,1749976722.0650496
1,-2307262140132713785,34.019081024928845,29.518631985045104,21.525662315525974,0.01,0.05,1749976722.071296
1,-8122219709887659317,33.918749111279006,22.250982003937768,33.34791957630142,0.01,0.05,1749976722.0886025
1,-825217249332538679,29.941490923674188,21.15473894930146,34.25289919795323,0.01,0.05,1749976722.094497
1,-3930622930847282478,27.38644434203499,35.845551797846824,28.312901383808136,0.01,0.05,1749976722.099757
1,-2738854013514722602,25.41824948304022,36.69887434960927,21.70855215003102,0.01,0.05,1749976722.1053464
1,-2991727167295995177,36.93260315454439,24.53969723500983,26.528885138249873,0.01,0.05,1749976722.1597846
1,-8840825466132815144,23.771442570345314,20.7123249648835,37.49174649458466,0.01,0.05,1749976722.165169
1,4574362386768169687,21.034612452183982,33.23267798074687,30.306825255033054,0.01,0.05,1749976722.1704035
1,3823503433051937509,24.421105279694654,30.370390219397294,39.399422554751126,0.01,0.05,1749976722.1753898
1,-4908614337383972119,27.251920733004106,29.433289373560065,26.61031951397976,0.01,0.05,1749976722.1809971
1,-5097155283464023317,25.64690111830037,24.160430746467604,36.44842833270022,0.01,0.05,1749976722.1973698
1,2239681921169994476,26.067737442935453,29.160776116911865,21.99840146855896,0.01,0.05,1749976722.2570639
1,7077856384570952426,34.87105200047792,26.79232126325372,27.548799662914757,0.01,0.05,1749976722.2636325
1,1455715302697429742,24.252515704523162,20.95621894207143,34.459075924052215,0.01,0.05,1749976722.2705855
1,7011727705552935662,22.81856910005817,22.1646880683725,28.71998237429704,0.01,0.05,1749976722.2778242
1,3545763259276067578,25.298154568019257,26.382440815171073,20.371922580766096,0.01,0.05,1749976722.2850184
1,4142135738473933571,24.747806293395872,20.524826735836164,31.107976985370897,0.01,0.05,1749976722.2923021
1,6083847301576524553,26.505933304504072,23.287534422106656,34.81014742533526,0.01,0.05,1749976722.2996323
1,-7259008226471967984,32.415921392469436,34.215011295876565,23.320654020965573,0.01,0.05,1749976722.3581023
1,4456697388506274574,28.322358287712046,34.824166412112646,22.824160430103696,0.01,0.05,1749976722.3762393
1,-6143938613918401774,21.55371552649546,24.181710451363028,24.543702852790446,0.01,0.05,1749976722.383686
1,-8967277114682238184,22.728486156145557,29.824926730711855,35.24332045857086,0.01,0.05,1749976722.390982
1,-3023241659891447017,25.489345657163028,32.627491611430806,21.07597023640586,0.01,0.05,1749976722.396794
1,-5580768230204912871,33.6836240913649,34.153445276970714,34.17822683738304,0.01,0.05,1749976722.404062
1,-7995730641219792101,22.11187676495664,39.0633426391683,37.177448345330475,0.01,0.05,1749976722.4115822
1,6600656788716176155,22.20289965800376,25.833787297288854,38.46212936982543,0.01,0.05,1749976722.4612465
1,1707398567335750429,24.53253417573064,21.126156350170174,23.161294011763367,0.01,0.05,1749976722.4673417
1,-4956393562255774942,20.264286083095726,33.20405262159145,39.96958997991101,0.01,0.05,1749976722.472816
1,41912371026352928,39.38441104175281,37.918880369668905,37.120213809449126,0.01,0.05,1749976722.4890883
1,-5183558375799512283,30.154804290146885,21.479853496597773,20.724468401328103,0.01,0.05,1749976722.4940927
1,5960186877990998820,22.402338740297353,27.943550943611072,22.68350247522276,0.01,0.05,1749976722.4991307
1,-5582237520242343127,30.77656645451345,36.54243171989515,25.959508698554803,0.01,0.05,1749976722.5040646
1,-4417605785832207575,30.17240288143823,34.652039718603106,37.69725341221826,0.01,0.05,1749976722.5618243
1,5026057028794766118,29.536922224007185,21.290548913787216,27.653814655046055,0.01,0.05,1749976722.5667627
1,3667387231624669997,21.286149897672065,28.59740594972719,37.96123488746522,0.01,0.05,1749976722.5719907
1,8158711752809435952,25.043734931702286,34.11545354637826,33.81791940934127,0.01,0.05,1749976722.5771632
1,4704045429314523961,26.19891642020148,34.70841991992614,39.42327650526633,0.01,0.05,1749976722.5826142
1,-6969440838730386617,36.72708811219839,31.08980777075572,22.51998731011597,0.01,0.05,1749976722.6002076
1,5666975366570146633,25.62429613630839,37.64549832787627,35.712405083052374,0.01,0.05,1749976722.6594305
1,-5455161934230582449,24.847453101637495,39.24758079750181,22.85364213568404,0.01,0.05,1749976722.6650462
1,-5208424918981776558,37.0304364534521,23.143576742045564,35.65410951650583,0.01,0.05,1749976722.670802
1,5147691343405716303,32.50831991380062,25.9837377427394,26.414542597239297,0.01,0.05,1749976722.6760082
1,-9029943474615082155,26.047726602520783,21.342915551684143,22.619551697289193,0.01,0.05,1749976722.6816082
1,-5871609680373666986,39.63039084284911,37.2846069656966,36.73938784674654,0.01,0.05,1749976722.6873884
1,6627010155660059477,32.63373489489672,32.76867695688312,32.644982948737216,0.01,0.05,1749976722.6924422
1,-8117611507387645089,30.455442085578326,21.887824061265395,23.732929625426472,0.01,0.05,1749976722.7599585
1,2552605531981542238,35.66091013590788,23.62143565693847,27.343569965542216,0.01,0.05,1749976722.7769659
1,2922897276059386718,34.769499071605814,24.073293812842486,38.68400611485386,0.01,0.05,1749976722.7823744
1,-5488720906479137948,37.38445440532826,24.071697776969387,32.253802367237725,0.01,0.05,1749976722.7876844
1,7553625957682783073,20.628252488112775,27.326687263129998,32.47861667371979,0.01,0.05,1749976722.7926068
1,5389204999749868388,35.10564604533289,38.735931605646485,26.250246900686463,0.01,0.05,1749976722.798017
1,-5952378898255815826,31.56004924236227,23.17543338052781,24.740720927021776,0.01,0.05,1749976722.8031125
1,-7705207501755032719,39.036708970177635,39.27656629211885,36.316796799897574,0.01,0.05,1749976722.863475
1,3643018454242405230,29.384922859690548,35.413135337976186,23.93342148170915,0.01,0.05,1749976722.8691177
1,4767815952132817782,23.670272406533858,27.073352110731623,33.900780073932765,0.01,0.05,1749976722.874399
1,2894092512506682235,38.89984707532412,22.06050101669928,39.79818966043729,0.01,0.05,1749976722.892024
1,5324412430115781506,21.61909140143727,34.723715636256294,33.45362252471042,0.01,0.05,1749976722.8969352
1,-7134591509324108918,22.336148537518415,20.556052174531526,28.982391043215095,0.01,0.05,1749976722.9019103
1,-1695686910536633465,28.996979535750846,25.156005823127394,33.81403182612732,0.01,0.05,1749976722.9069154
1,6498345377700860807,28.565953415345934,28.07016038915723,21.51159432771579,0.01,0.05,1749976722.9641397
1,-1841409659952901237,23.774148726915584,38.08204263798173,28.851857483780172,0.01,0.05,1749976722.9690194
1,-3168342958953188464,39.54594560331036,36.31192879647826,23.874813108812507,0.01,0.05,1749976722.9741924
1,1343852770774967184,22.50994936277053,31.313652721952757,22.115978388777858,0.01,0.05,1749976722.9791903
1,-9163996259305272426,33.265122948794456,35.60651428562572,22.69397255502802,0.01,0.05,1749976722.9842288
1,4719455595074716562,31.14321473793723,30.350553689202272,37.74767621132388,0.01,0.05,1749976723.000787
1,-1366792473770300523,24.15966821554057,21.76969106092347,21.9074420026966,0.01,0.05,1749976723.0625887
1,6891269120250446741,28.246423128523137,25.01991838126861,26.502900575310722,0.01,0.05,1749976723.0695078
1,4023589541176114072,34.30881565396707,30.709138234105534,31.849348458566052,0.01,0.05,1749976723.075141
1,1974477378160251804,33.38172059088622,22.14977881316094,35.845627190856135,0.01,0.05,1749976723.0805397
1,-34691892301810787,26.7571110176742,32.48186427268992,31.988859957868566,0.01,0.05,1749976723.0857327
1,-3278879786250265697,37.04150163599795,24.462921665704688,32.253838964687944,0.01,0.05,1749976723.0907714
1,-3577602821652499552,37.08113574379787,26.593687087648615,30.065808006120925,0.01,0.05,1749976723.095795
1,-7983872532150819937,37.868868439993506,31.357587284768666,30.15218198072594,0.01,0.05,1749976723.1632917
1,566086337956244389,29.736982406183653,22.29521708332229,36.57894678596035,0.01,0.05,1749976723.1799638
1,438656292625607596,22.838782555957803,34.016568864609624,32.208148657873465,0.01,0.05,1749976723.1855006
1,1509597159081927601,26.239437819321992,34.00258954065379,21.111719588043428,0.01,0.05,1749976723.1907067
1,3689610644911700914,32.84767314902102,24.494297825503903,25.54213315078666,0.01,0.05,1749976723.1960835
1,-5570843267962287178,39.75826641567934,25.14913876085231,28.858695073870148,0.01,0.05,1749976723.201568
1,7186789176029737910,39.406660006156514,38.19889732006368,37.781480438615695,0.01,0.05,1749976723.2069259
1,-5168160694499263554,35.984436718592605,28.482116498282632,38.509350764313616,0.01,0.05,1749976723.2669706
1,-4591820849515832376,37.59807427008993,23.57121560678638,31.722695687415715,0.01,0.05,1749976723.2727962
1,5064023948048223178,33.779430062458715,31.702512483479683,20.577615424749567,0.01,0.05,1749976723.2785296
1,2293436857669163986,29.66017539867343,24.855047183206665,38.52980223344737,0.01,0.05,1749976723.2939394
1,1766733551545230292,25.63678568624738,33.765977755486745,31.825204062652045,0.01,0.05,1749976723.298914
1,7099702375101995996,27.61181237014835,30.63962032275164,20.731173849582774,0.01,0.05,1749976723.3043408
1,1032431473644205026,28.711969297871594,24.07539958382681,23.0621719127446,0.01,0.05,1749976723.3108213
1,-1131765974234262557,36.60909673707573,21.080040144096237,36.4110890188131,0.01,0.05,1749976723.36785
1,-4681490118374562842,36.40370292177022,29.096140082639362,27.095617457690327,0.01,0.05,1749976723.373564
1,2503748280323386349,21.67717453240278,22.448907320755993,39.74757401539653,0.01,0.05,1749976723.3791833
1,-3229508411418070032,35.467072885766754,22.85973196389491,34.64161289517463,0.01,0.05,1749976723.385354
1,1784424753735810035,36.275668036574615,20.603011965915293,21.430587187741246,0.01,0.05,1749976723.3912578
1,4772726522911228915,32.64058698346936,33.887026107216904,26.82112939539895,0.01,0.05,1749976723.4088936
1,7210336286253833202,21.874652265352374,32.27561353248923,39.4489912190047,0.01,0.05,1749976723.4661534
1,5059494023116925939,39.21668718720592,37.6040330686223,36.11973004520307,0.01,0.05,1749976723.4731033
1,-1978334590133863435,31.674594829477595,36.1643563531827,29.72401961043802,0.01,0.05,1749976723.479465
1,-4842430872414174215,30.508284597400902,21.429700834724127,29.48438275331081,0.01,0.05,1749976723.4856899
1,-8403318450468719618,26.61545646157424,28.218041615096983,34.19401149051771,0.01,0.05,1749976723.4915578
1,-2960286753468480514,32.92690661133685,32.085838021114974,21.215724290690336,0.01,0.05,1749976723.4975698
1,7654518556765551611,29.48783003593538,27.189062422005776,25.534575078999854,0.01,0.05,1749976723.5035295
1,6125499157052431357,39.65322017174715,37.98651947814399,38.04610731770219,0.01,0.05,1749976723.5657952
1,-5796554849086123005,24.692174129375715,35.9176607817147,34.639208213420716,0.01,0.05,1749976723.5834322
1,-1463347318950288376,22.220424509783697,38.67008020592735,22.528195331028904,0.01,0.05,1749976723.5894396
1,6261294568876045321,30.97642509307506,30.883721283632763,30.284800200002806,0.01,0.05,1749976723.5951924
1,4436484112822309905,39.46438043990652,26.528870131359508,23.099960824935195,0.01,0.05,1749976723.6010284
1,272577512213394452,22.810284873868287,34.39893836191906,34.17129687205472,0.01,0.05,1749976723.606802
1,-274852816707075051,34.021246265646774,26.28472929935475,32.008469187771986,0.01,0.05,1749976723.6128497
1,-3406401278980951017,33.32085265950414,35.142337246198956,32.28116847345289,0.01,0.05,1749976723.670337
1,6468883751220763671,26.61065183010997,30.200624723973878,36.586016773630405,0.01,0.05,1749976723.6765933
1,358665967876578330,30.82792412612755,24.758561704962144,26.500504060971693,0.01,0.05,1749976723.6819232
1,581901573446024221,29.483237216145817,38.9351729461968,28.26649223586382,0.01,0.05,1749976723.697685
1,-7732776206268902367,25.686599983844044,23.87841200674844,27.67163993331412,0.01,0.05,1749976723.7030084
1,-5101416177151392734,25.80419561668663,39.01661850382446,27.853501550517226,0.01,0.05,1749976723.708448
1,-1833765222785627096,21.888810236386547,26.31648314833431,37.604443122830745,0.01,0.05,1749976723.7138736
1,-192258316629357527,35.660470930792535,33.76456823997252,21.598917059358936,0.01,0.05,1749976723.7702513
1,8653026554929058858,27.612226223905566,30.74923674805858,28.599871467450292,0.01,0.05,1749976723.7810073
1,2523450670449904685,36.649643442177755,25.51547282029786,35.83494298179241,0.01,0.05,1749976723.7864041
1,2157295070759128112,34.52032690414869,34.344671475051406,21.22458861299282,0.01,0.05,1749976723.7915473
1,7983026646606066735,31.979022144653158,25.439769709982002,28.135141516325874,0.01,0.05,1749976723.7965734
1,3209042028534983730,20.117392831562228,33.65449480471439,33.89382891404697,0.01,0.05,1749976723.8140209
1,3718521633598577715,22.670308198420837,23.537235609077896,22.258438539634284,0.01,0.05,1749976723.8681083
1,-5390770600624923592,31.631920664814004,36.83923157174277,37.95072564133574,0.01,0.05,1749976723.8740458
1,4735781788362249271,20.01890026806093,29.048605269175876,34.42132552649505,0.01,0.05,1749976723.8797147
1,6649179456858405945,25.885715506021345,28.31261608877726,31.323025334179057,0.01,0.05,1749976723.8861291
1,1405950966982716475,21.308773919788095,20.06657342586118,20.59634279641529,0.01,0.05,1749976723.891611
1,-9080357606967946176,32.97919108505791,36.06609013689807,20.542035321123336,0.01,0.05,1749976723.896895
1,-5250587483410641855,22.939492223058387,25.679922661288302,35.34079990059531,0.01,0.05,1749976723.9019377
1,-2138452960628556737,25.706408483840477,26.77493231502973,20.04312883608298,0.01,0.05,1749976723.9690783
1,-327678426406970300,20.138087668661736,37.0624942640859,23.23293553844412,0.01,0.05,1749976723.9859736
1,-2827847024635837367,32.171642757279656,21.15055627835559,27.336159412396015,0.01,0.05,1749976723.9908938
1,3579082183960790089,23.18895490881557,29.252857377095314,21.70358846999651,0.01,0.05,1749976723.9958563
1,8831465506145547336,35.64856555670127,22.89823879489699,39.82470585103945,0.01,0.05,1749976724.0010262
1,8229510189908065354,35.50429665183066,24.134242621183418,29.919008701340154,0.01,0.05,1749976724.0059528
1,9091901999182122059,36.29921570064812,35.04180789714706,29.148832904308122,0.01,0.05,1749976724.0106893
1,99075786018264143,21.05373811550816,34.727596158125976,22.37940340641807,0.01,0.05,1749976724.074692
1,-6842496027124595630,34.09380104783496,26.670716730536643,34.50344292708266,0.01,0.05,1749976724.0803556
1,-4219606639399097264,32.68097376025841,35.509908817562334,21.01711463351908,0.01,0.05,1749976724.085782
1,5939067255823907923,27.90423091471349,23.819961887728468,24.167687308722613,0.01,0.05,1749976724.103012
1,3121930068453743701,20.448874401594498,29.611883546778607,22.89620847796811,0.01,0.05,1749976724.1081104
1,-4527676452333433769,36.83170739068504,27.468426439430964,27.983759359808907,0.01,0.05,1749976724.1130147
1,7035470374598542420,23.39407961027132,28.499659784949777,36.143943067138125,0.01,0.05,1749976724.118268
1,-2489861759264103338,37.44183738699162,26.956185486897702,34.05675404835845,0.01,0.05,1749976724.1743946
1,-2215336324795259811,33.15449133922015,21.71381956644949,24.01323159411572,0.01,0.05,1749976724.1797476
1,-7252388727695092639,28.695143524357213,34.58929757093387,39.043525738257756,0.01,0.05,1749976724.1852083
1,-2944523335976407963,20.809588876279303,23.050822531341485,36.57812844327751,0.01,0.05,1749976724.1906276
1,4821719426773546083,24.124938273281284,21.144100147929827,31.817775029544876,0.01,0.05,1749976724.1960366
1,5166712478661674086,24.57368673331187,39.07535935634482,35.432408857493485,0.01,0.05,1749976724.2122316
1,3604144634969848936,32.5926992305374,37.514934146060234,26.673553730799092,0.01,0.05,1749976724.2709136
1,-8919116736039392148,26.94461303328832,25.71415682422839,23.78743342484355,0.01,0.05,1749976724.280604
1,3022375772425847914,35.861549851258474,31.43833034670513,22.437680131725706,0.01,0.05,1749976724.285975
1,6495536168977364074,27.848405087177234,32.211900527199695,37.073608502455,0.01,0.05,1749976724.2910724
1,-6414953452307948432,26.650572328019166,25.9112304168803,27.936257873444454,0.01,0.05,1749976724.2960992
1,-1670076765215120273,23.278452687535168,20.221800238896755,31.846238855405172,0.01,0.05,1749976724.3011732
1,5291536518300583026,33.35741630865852,38.62466312768274,27.43939860500432,0.01,0.05,1749976724.3061726
1,-4658317758820936584,37.21287261376041,22.59556682415614,27.090420395095762,0.01,0.05,1749976724.3717647
1,1842440875869250679,37.955086182933385,29.646981518459842,24.452107727392942,0.01,0.05,1749976724.3900568
1,4616836120411761784,36.032524246325806,26.09603884301488,34.55483182248875,0.01,0.05,1749976724.395437
1,5871336720480629881,37.81731293527342,37.35751099497851,30.51654455769249,0.01,0.05,1749976724.4009702
1,7392065318400869498,32.42336533035309,39.15137453395273,26.703277957662763,0.01,0.05,1749976724.4069371
1,-1400399963396928382,20.334155964222973,21.67373694389991,35.43572121221737,0.01,0.05,1749976724.4128163
1,-5002375288627477370,24.667042999354077,34.79651587376398,35.77274060930845,0.01,0.05,1749976724.4183693
1,513644520839343237,32.192537408877165,34.87264043285772,29.00514823133347,0.01,0.05,1749976724.4755242
1,3323796162438265996,20.267341850846346,29.314981894931094,35.636697004674986,0.01,0.05,1749976724.4847994
1,3756318433529429133,20.48138381711066,27.4129174011076,37.150562150447826,0.01,0.05,1749976724.4905787
1,-5086680533827752815,37.92774257771782,33.75132310001709,20.588568621103775,0.01,0.05,1749976724.5090935
1,-3750677071909507953,23.783788620398376,30.707708674368483,33.536076417108035,0.01,0.05,1749976724.5154233
1,-8588420991910540137,21.25850297341359,20.18709376773388,38.792566279570366,0.01,0.05,1749976724.5211978
1,-3715703915861121899,38.43388470167846,29.50649504777919,38.29586456082682,0.01,0.05,1749976724.5265749
1,-7511202104221078374,29.09721431289739,34.68101650070564,29.984856850057135,0.01,0.05,1749976724.5762784
1,1164675066254128279,24.45098957117469,29.73691517524284,37.46408112800707,0.01,0.05,1749976724.5843074
1,-8606689590196501344,23.915535979160495,35.69724276711498,32.9837502277536,0.01,0.05,1749976724.5897043
1,8411977551083922586,38.83124604109401,31.05296022975223,29.63665075145412,0.01,0.05,1749976724.5952065
1,-430750971369548637,31.807165105089275,22.550484683351822,32.70749739521773,0.01,0.05,1749976724.6003563
1,-7823061304643642201,34.55624237343007,26.183815039341397,25.97461947551886,0.01,0.05,1749976724.61703
1,-3023898594723085139,21.76374945505311,28.472723922092715,31.278462952650948,0.01,0.05,1749976724.6736157
1,4551280249302957232,27.97852234607178,34.5823144544531,33.72085928312332,0.01,0.05,1749976724.6801531
1,5261026081270123696,31.438331585091337,28.49217957825675,23.880600397861752,0.01,0.05,1749976724.6867676
1,4927212281027251376,20.096446371099027,21.12001230017799,33.32145409196784,0.01,0.05,1749976724.69176
1,-5686105283516281674,39.050554587444964,26.15716241747295,31.362981882817355,0.01,0.05,1749976724.69677
1,2404882079055731895,28.32927519330642,27.548072955359757,28.906712832863597,0.01,0.05,1749976724.701768
1,2194516016360975546,20.81098153879665,32.171513008791166,32.544335422389196,0.01,0.05,1749976724.7068846
1,-5681738920874222401,33.45481119614418,34.966921409992125,21.135025327157056,0.01,0.05,1749976724.7745025
1,2927405350314060989,29.383744265000402,35.37523809942921,39.82488350303896,0.01,0.05,1749976724.7919564
1,-1944971143436108609,37.165191229141065,23.28648477405599,20.598760387736228,0.01,0.05,1749976724.7986128
1,-751210195551374144,23.122328193121756,30.205665001125936,38.649555779660695,0.01,0.05,1749976724.8049698
1,-5042204655625186113,37.873819701659784,27.25397720628593,31.49515841750747,0.01,0.05,1749976724.8113794
1,8706007375726238913,34.384979714737156,36.692646212253216,26.41647011142129,0.01,0.05,1749976724.8177776
1,-4622430680484297527,21.70618278986004,27.14088790237774,37.14655696194102,0.01,0.05,1749976724.8240132
1,-369539451254862649,23.13216332667094,31.30441346900438,24.42470107477888,0.01,0.05,1749976724.8784564
1,8413692815653831877,33.56359237069228,27.107286754506383,23.753639915933825,0.01,0.05,1749976724.8840315
1,4613479061356823757,28.45230694011146,21.429703121225693,33.44542282028145,0.01,0.05,1749976724.8915243
1,7518015306903592141,22.318056340352687,24.357621547239894,21.267283256501038,0.01,0.05,1749976724.9096382
1,7787447387962952910,20.810993606177743,25.43830573921656,29.97019991155174,0.01,0.05,1749976724.9147418
1,9010785440354254032,34.180357581652146,25.489873267276312,38.815058616580714,0.01,0.05,1749976724.9208474
1,1689998749337165012,32.89968247547905,22.267765618444354,23.86873091239658,0.01,0.05,1749976724.926051
1,7672413132156376276,31.175039281309225,27.46462107569374,25.247857727632983,0.01,0.05,1749976724.978719
1,4558775440943832279,23.65634597789542,37.318608916024736,25.0590471591115,0.01,0.05,1749976724.9841967
1,8326022170657869014,28.729593927800252,34.763927115832026,25.346798827652908,0.01,0.05,1749976724.9895978
1,-4638260443320699679,36.335828242861055,27.925655431805595,32.80809256648331,0.01,0.05,1749976724.9968925
1,4312520751872818405,36.577949708879316,35.177082021348895,22.47234728024426,0.01,0.05,1749976725.0020297
1,8983525532841338091,33.59300355295888,36.89107625307838,26.956237730536657,0.01,0.05,1749976725.0186338
1,-926803778674490127,24.255012293281013,34.16539404818131,32.42261998701725,0.01,0.05,1749976725.0766642
1,2009836481022256369,33.10511258299654,33.85874690566785,34.41370838004888,0.01,0.05,1749976725.082385
1,8146570672598220020,37.71380950711061,26.308865971792198,39.8883513301365,0.01,0.05,1749976725.0879924
1,1628681023847519480,37.549077984625406,27.811826510638713,22.860255077582707,0.01,0.05,1749976725.0933735
1,-3104702465027517185,34.02195883569488,27.270808091367613,35.768863041975834,0.01,0.05,1749976725.100095
1,7356421993137913084,21.620129468447654,39.21256577716345,21.174774812553792,0.01,0.05,1749976725.105176
1,-3582849632532878080,36.983515404168315,25.780814782338872,26.317344553250127,0.01,0.05,1749976725.1102765
1,4645402611192311039,30.748988544887844,23.859570265063013,34.343456571398114,0.01,0.05,1749976725.177367
1,-7905345303592977143,37.85838163815398,33.21688793850616,28.588128110674564,0.01,0.05,1749976725.1945238
1,3361001784554235142,24.45312921954874,27.317462409961237,25.890037899127233,0.01,0.05,1749976725.2016034
1,5446880071014372614,36.005334555271745,28.406116275227014,27.034395990249482,0.01,0.05,1749976725.206933
1,8760519286873625862,21.828014093529855,33.95835756279175,20.856297872785266,0.01,0.05,1749976725.211932
1,-3519548191119586036,22.332579994034536,24.874586320042884,22.86732751501392,0.01,0.05,1749976725.216937
1,-4510101225502208753,31.60480998443903,32.02507475689789,25.17702946093685,0.01,0.05,1749976725.2218957
1,4274033883609113872,33.66813380754339,32.91540884772883,25.57081880442331,0.01,0.05,1749976725.2811537
1,4268000043937398037,34.054637442669105,25.27970477488163,25.13939617840103,0.01,0.05,1749976725.2870235
1,4617935031730765076,29.029058212940342,38.53817853857191,24.215888211656598,0.01,0.05,1749976725.2921274
1,-4505828024057180901,23.853395367817413,34.01032465190903,37.2104331024379,0.01,0.05,1749976725.3095717
1,-3298518382392163044,39.87427343835027,38.03735370609594,22.293153205054125,0.01,0.05,1749976725.3149004
1,6486722166181838106,30.399731683351508,21.463047865201823,37.50952772512305,0.01,0.05,1749976725.3199823
1,-6916851238041719519,27.277509583923703,26.00957406286014,25.31370752819511,0.01,0.05,1749976725.3251328
1,-8514769235668030169,33.22246692801488,28.37982237087566,27.08064706746032,0.01,0.05,1749976725.3819754
1,8411042645464208676,20.425341489033663,27.634744082193087,28.595406473415864,0.01,0.05,1749976725.387404
1,5216654391054677288,38.722129671776806,25.513780302713982,39.14194201044609,0.01,0.05,1749976725.3927984
1,-618208136859046612,29.665633815399904,24.093083403502114,22.109787705443292,0.01,0.05,1749976725.3983865
1,3146312211198246190,23.707323439874553,20.549413832895663,26.128941725093654,0.01,0.05,1749976725.4061017
1,4385724567703016751,27.075736601391654,31.48803596000274,29.894239669616503,0.01,0.05,1749976725.4247026
1,1647809654829088051,22.12820292353005,29.9324696504329,25.934594371430073,0.01,0.05,1749976725.4805648
1,7728173666915466544,34.626834391158994,36.75428252562138,39.108153530128504,0.01,0.05,1749976725.4878213
1,-6458947347768967877,33.840445658218485,20.507095963232363,28.273729570781647,0.01,0.05,1749976725.4948885
1,-291540618944637638,36.22175890683833,29.03338432082188,39.70938423074218,0.01,0.05,1749976725.5011272
1,-5343329734336160447,31.42605686035589,22.861783964722342,37.6661124488622,0.01,0.05,1749976725.5096774
1,-3264902362086759101,26.602742082101624,33.03493055799919,33.418933749516164,0.01,0.05,1749976725.5153847
1,1737487194816292166,29.21264704217144,24.011757250583564,31.088348123941092,0.01,0.05,1749976725.5218256
1,-2407536231515996855,35.24448871246615,35.72265474490923,35.7972147446441,0.01,0.05,1749976725.5808425
1,920648127800485194,23.995146052784577,29.468129532745166,20.604042892058757,0.01,0.05,1749976725.5981562
1,-320877188163834546,23.459014382768512,30.22532403166681,29.250503446403748,0.01,0.05,1749976725.6035748
1,4593665266841482574,20.87029981336154,26.50202455434095,20.257187703336022,0.01,0.05,1749976725.611815
1,-6330889182458229423,38.21899469559449,32.18627409099256,34.78669985684053,0.01,0.05,1749976725.617727
1,-4952637024500302506,33.06978377078265,36.85727115538771,36.37045341245131,0.01,0.05,1749976725.6231754
1,8362134715270620499,25.97491725996065,34.00812377841616,21.566694902929587,0.01,0.05,1749976725.6284883
1,6827683576287624533,36.61502629393466,37.27576448909853,38.92729233650684,0.01,0.05,1749976725.6860723
1,3470466109249109335,22.657648816681945,25.56786616843631,28.911593286656675,0.01,0.05,1749976725.6922386
1,6851666156543714647,36.13218183509322,23.348945951051753,38.78382030850867,0.01,0.05,1749976725.698297
1,-5267934173029577382,36.55585110638367,21.939212533608682,36.57816792694639,0.01,0.05,1749976725.7169688
1,2578003476798596447,23.664812867726862,34.20109874847852,33.716287117300894,0.01,0.05,1749976725.7231174
1,-6880322404486193822,35.951223132105206,33.09756493128997,27.59730795818852,0.01,0.05,1749976725.7293992
1,3047189532136977763,25.39038058792017,28.236308915362013,20.877327618236144,0.01,0.05,1749976725.7356646
1,-4387255916582869656,27.31010990516507,27.786239781894505,38.928531116643,0.01,0.05,1749976725.7860057
1,-4929862206524398228,30.58875274693835,36.30441446583058,30.372752116102234,0.01,0.05,1749976725.7923522
1,9214797922140355948,33.971511622464234,23.45413364034175,26.76712328441654,0.01,0.05,1749976725.7989745
1,-7947336573071366797,30.569415090414736,20.316622582325067,36.090377217230554,0.01,0.05,1749976725.805338
1,-5277717603763317382,33.519428040991336,38.86108229772117,38.69471834316498,0.01,0.05,1749976725.8108768
1,2392647222328167802,28.382660185593686,24.950808923416552,34.93043698338005,0.01,0.05,1749976725.8313866
1,-3450124012163836548,38.97906498828369,29.774043355529802,37.00935214836116,0.01,0.05,1749976725.8828568
1,-8758007805392999042,38.80951815564043,33.25941922114657,31.920526768205505,0.01,0.05,1749976725.8895679
1,-1772904581448170114,33.10397340762779,21.93399815674997,38.65018950800482,0.01,0.05,1749976725.895827
1,4188187547027649922,21.516792502638715,34.885486982581305,30.129155022149064,0.01,0.05,1749976725.9013238
1,7971726110122837377,26.677125565794537,20.630081655495975,32.95553437636196,0.01,0.05,1749976725.908166
1,7298692314650948997,34.204454978911876,29.264047318047535,28.127095162390358,0.01,0.05,1749976725.9159615
1,-6585295008200335989,38.476865251072546,36.972410896404895,24.190741847263,0.01,0.05,1749976725.9218109
1,-5890428543252238964,33.0797864130042,20.9689076887826,33.38565448688446,0.01,0.05,1749976725.9835043
1,-6889050685894668916,35.56276523198504,37.54771454636652,27.082261011176424,0.01,0.05,1749976726.001465
1,-4176790549541542511,36.995070054192716,22.037483113912824,20.81988369032978,0.01,0.05,1749976726.0065372
1,4003727392775462288,20.562628551698864,31.185122846961622,31.42013229768657,0.01,0.05,1749976726.0116665
1,3090890397580354962,26.839372919564326,37.849399527163996,29.833023597659512,0.01,0.05,1749976726.0184247
1,-3994757810941745771,31.750939067415374,26.108879094399715,23.44546403137168,0.01,0.05,1749976726.0235088
1,-8107687070352568930,24.74447027001378,28.171332361655917,20.066173159633724,0.01,0.05,1749976726.0288937
1,-5391606530799333986,37.56465637455773,31.58351058329852,35.72850269527904,0.01,0.05,1749976726.0888312
1,-1684841583392260702,32.26007374661187,30.68712637962218,30.738667172184687,0.01,0.05,1749976726.0960376
1,4002458854656474530,25.685644381959673,21.118792281765067,30.4334819910121,0.01,0.05,1749976726.1036034
1,-8901231704799259226,32.319138332378216,23.11035441087767,30.0200811560797,0.01,0.05,1749976726.1241403
1,-8280455907722205780,31.206138618200892,26.970306357458025,27.678015320391545,0.01,0.05,1749976726.1303363
1,8761103357340900777,30.475396546701703,31.82170558887692,30.333975089308026,0.01,0.05,1749976726.1358953
1,8436982507118714286,30.720237012481668,20.903018308369283,39.15881466069057,0.01,0.05,1749976726.1421375
1,5667308197799884208,33.2474032926937,30.526271200370658,38.8323657994891,0.01,0.05,1749976726.187808
1,-3231330830701498948,32.3460302553126,21.05802582317308,31.05559005720371,0.01,0.05,1749976726.1929746
1,171759701887569341,33.63120571351516,37.24597046235167,38.411599624085916,0.01,0.05,1749976726.1982884
1,-5801581227019541056,35.0770673333686,37.7833287689612,34.5460684692719,0.01,0.05,1749976726.204469
1,-4705881336763828797,38.195939945476525,23.55700373174274,33.26812864135926,0.01,0.05,1749976726.2104487
1,-3694966846837983802,20.739093584721676,33.48465542976285,34.81429841882797,0.01,0.05,1749976726.228354
1,6248729224455587269,33.07749721709225,39.071896169241775,27.861836912265222,0.01,0.05,1749976726.2857444
1,-6308279416279294515,39.84756227264063,30.929558195870257,25.023545567253887,0.01,0.05,1749976726.292488
1,-1812409909522246195,33.44806062255533,24.79521609790386,22.766326262784723,0.01,0.05,1749976726.2979918
1,7459907443640634827,31.977758890015913,25.434734085286525,36.67182936216901,0.01,0.05,1749976726.3035293
1,-6930973839763206703,36.841280627909136,24.63743217387045,31.598096936996455,0.01,0.05,1749976726.3088112
1,6390803245643986387,24.048148026691276,26.261467989153214,35.60984616643524,0.01,0.05,1749976726.313709
1,8289788418791230931,37.54675636265003,21.1065576535635,37.4645248126468,0.01,0.05,1749976726.3191485
1,-4389753805354420776,22.62750748791936,33.87295605940244,33.12672036540761,0.01,0.05,1749976726.386285
1,5694638105716185,23.217724713699663,36.35103404625174,31.8513194386515,0.01,0.05,1749976726.4041007
1,483294861243338212,22.815553973390355,35.44594509292223,37.292208930206115,0.01,0.05,1749976726.4099216
1,-1245413996283073045,36.88252523978129,29.753640143299926,36.08903873144338,0.01,0.05,1749976726.4160097
1,-4397993666359411219,29.623241918891644,38.02399520750277,32.099449667614465,0.01,0.05,1749976726.421923
1,8023475264095469035,22.667462968462665,28.978748659850304,29.444893672703706,0.01,0.05,1749976726.4306324
1,834713609122844145,22.61793686787594,32.458462331270674,33.8962393045193,0.01,0.05,1749976726.4359603
1,-1292940121528005133,22.658160670236683,32.85837893694148,36.57217765206765,0.01,0.05,1749976726.4910326
1,3161650388418749951,31.727495257541847,32.08304642504631,23.543694423476357,0.01,0.05,1749976726.497094
1,-5500695297574265337,22.407801955532605,26.36753806169397,37.307332679268896,0.01,0.05,1749976726.5024502
1,3990469251385802247,20.803442179500596,38.024130726137486,28.068445475652656,0.01,0.05,1749976726.5198796
1,-8602931529325847027,23.771768062755495,21.390438271420273,33.23005732196632,0.01,0.05,1749976726.5254047
1,-4205822560515858932,27.637348746972364,35.01301790280677,24.916831626742937,0.01,0.05,1749976726.5330918
1,1189814556622650895,30.902415819961746,33.22806451745791,25.434521282616807,0.01,0.05,1749976726.5381124
1,-3865077491541000686,33.20172564323257,27.67631689395133,37.29125936481233,0.01,0.05,1749976726.5906875
1,-5919944064528155114,39.00046378487563,33.72361589707777,24.076202979201263,0.01,0.05,1749976726.5964868
1,371076783944859157,36.49874116186763,31.379529448196585,35.535632322370866,0.01,0.05,1749976726.6020095
1,-3061326427974889953,20.674685798791334,30.243855892300175,28.10957673546536,0.01,0.05,1749976726.6073873
1,-5727736895125901792,29.41378403778655,25.435408173890124,37.66184203063882,0.01,0.05,1749976726.6127753
1,7791783316612724253,25.240296425875265,38.124786221340855,21.985728171397206,0.01,0.05,1749976726.6334498
1,-3005116473102266846,20.234182390034405,34.28996507702704,38.63015111623366,0.01,0.05,1749976726.6887126
1,-2672266944017791448,38.39618237010278,29.36720016390939,29.528944217006888,0.01,0.05,1749976726.6955078
1,-5475995211545254342,31.650931241212664,33.667629024505004,39.555617017236436,0.01,0.05,1749976726.7010324
1,-2701390868667367878,23.22803204267039,28.792185923291136,37.865883439912125,0.01,0.05,1749976726.7065084
1,2580728568065955385,33.496116024520816,30.164872964910664,28.25139467394216,0.01,0.05,1749976726.711861
1,-8054036505583919554,31.412997301979942,36.427128095762,24.912593052605352,0.01,0.05,1749976726.7172844
1,-6064046476280977857,29.596207364042506,33.332419504102404,36.48535335576238,0.01,0.05,1749976726.7225666
1,-1504235375801244096,26.00328459666396,20.953229981462517,26.664947991939957,0.01,0.05,1749976726.788868
1,-8011002015613837755,29.010318228468115,27.503286737153296,26.67903624274829,0.01,0.05,1749976726.8066883
1,6306553645471825479,21.003872022679435,32.11976272476372,27.60847733281753,0.01,0.05,1749976726.8121927
1,-7533769740320330157,28.212962482208486,32.15681539991848,24.723131764438833,0.01,0.05,1749976726.8172042
1,-8009220404035197356,39.982609731104986,24.94613182603525,35.53038125411475,0.01,0.05,1749976726.8221662
1,-8854396233377284522,27.027517748060326,28.94836298395088,21.914291688383464,0.01,0.05,1749976726.8275137
1,-7303079091424473513,20.11600641371289,30.581006192926953,21.7502277215822,0.01,0.05,1749976726.8325174
1,-1770609268217512361,27.775466692999768,33.43322058768065,34.836176674833204,0.01,0.05,1749976726.8923237
1,3610330974385722971,26.22229247316529,24.431054342544428,37.97568777510312,0.01,0.05,1749976726.8993058
1,3861858064116002400,35.48603381415673,32.784400884481244,32.630923995040646,0.01,0.05,1749976726.9046383
1,-9044758208751430040,37.98769351553731,39.13083938902363,26.492787563748635,0.01,0.05,1749976726.9216406
1,-1585542012510425495,22.779478202756763,34.89927038178845,34.089439354040636,0.01,0.05,1749976726.9273558
1,2800698628823572078,28.10376819681038,22.363056834933236,27.055456227759365,0.01,0.05,1749976726.9336715
1,4729191148407211629,21.514195425576293,36.1504275540742,26.628155240953618,0.01,0.05,1749976726.941536
1,1150465569610622575,36.71765806387524,25.425727072898507,30.296649387593344,0.01,0.05,1749976726.9948182
1,-7366277117777916293,34.100579764463895,39.948463955540305,26.0122934715546,0.01,0.05,1749976727.0012066
1,7268729860366605948,31.391141313149262,22.765745539242708,27.409020938240896,0.01,0.05,1749976727.0075595
1,-5218606262788206974,37.120400352060734,29.327025007295305,36.01015221170635,0.01,0.05,1749976727.013877
1,6489486890672035455,21.597555974362965,28.05060255917565,35.65486906568371,0.01,0.05,1749976727.0204465
1,9107685405141925511,33.05986300288107,29.55142540507515,38.934450164220166,0.01,0.05,1749976727.0387204
1,579697593066573452,22.692101889119595,36.40747543102661,28.121888841998416,0.01,0.05,1749976727.0911186
1,-6928015056662659437,20.275729706244412,27.242168420603797,21.786443777666477,0.01,0.05,1749976727.0975716
1,-3008965089162740078,22.64117042889135,37.87417234698302,35.29999649389496,0.01,0.05,1749976727.103735
1,6328273485503850132,32.019563852776606,21.168694915698968,36.085875749793125,0.01,0.05,1749976727.1093254
1,8194566209093979800,22.82835449988577,34.99192928170142,36.795785334673525,0.01,0.05,1749976727.1148224
1,3266702536004880027,31.287245053457614,29.388117652996876,33.03958472658573,0.01,0.05,1749976727.1201084
1,-4001624325684685154,20.37423614631724,21.89009607285533,28.1020836259309,0.01,0.05,1749976727.1255686
1,7955071890283069083,30.000177777940493,22.654999188393546,38.89369155115346,0.01,0.05,1749976727.1917582
1,8300171455668209307,29.045097967511445,34.84817772259988,38.95613375021557,0.01,0.05,1749976727.209326
1,-6322475511352861024,24.601188742824732,35.96902454420181,37.889911421432515,0.01,0.05,1749976727.2147098
1,-7563633319707928924,37.570357857659666,35.928866714087334,36.85478520661641,0.01,0.05,1749976727.2198396
1,-5363652812224418146,34.42377384792624,31.117744698238702,25.010941305515274,0.01,0.05,1749976727.2252746
1,-4482068616568420698,21.655189075306453,31.469603835066522,31.120077317466347,0.01,0.05,1749976727.230482
1,1907225729498449577,32.562830074900155,21.994860811842734,30.44369482421431,0.01,0.05,1749976727.2360923
1,-790388581706514770,26.10576201998805,33.989392488499526,20.996617451618054,0.01,0.05,1749976727.29712
1,-6860309365953534288,36.93015826707614,31.9485114922712,20.488697875457756,0.01,0.05,1749976727.3040042
1,-5272495527146813774,23.573677931961146,23.919006250369964,25.022017881591765,0.01,0.05,1749976727.309362
1,-2994421623045792081,22.041878397267634,29.75948106901184,21.107637178093086,0.01,0.05,1749976727.3278756
1,371180992394378931,24.56472609185223,37.021652596144605,22.503607585948817,0.01,0.05,1749976727.333547
1,2831277471867020979,23.312187640493846,26.1287848256962,32.355245798538036,0.01,0.05,1749976727.3397882
1,-4702236644493969732,39.651620915716244,28.844693972990594,25.742116828429662,0.01,0.05,1749976727.345651
1,1351021271905570491,20.02234540888215,23.67752044466425,30.14448511603499,0.01,0.05,1749976727.3963974
1,157751217348898494,38.16419424970304,36.47739546746291,39.15688516177826,0.01,0.05,1749976727.402263
1,-824958906826496320,37.123449123960675,25.753343351761433,37.28346285153718,0.01,0.05,1749976727.4085643
1,-8787714650146898234,20.291151562822346,21.592964187639915,34.74963725213865,0.01,0.05,1749976727.4145756
1,1859442728897365700,39.31804913698187,25.137319684942728,39.91556797428896,0.01,0.05,1749976727.4206283
1,9043483438722877121,37.91627466609671,32.03463912475931,33.02819431529338,0.01,0.05,1749976727.4375846
1,4993390171454318276,30.41585381197066,31.61046314404401,22.074673221511304,0.01,0.05,1749976727.4943523
1,-3865676126385248568,24.08008405729217,38.151574617955575,29.245889797772897,0.01,0.05,1749976727.5017436
1,-4579331225687525688,25.554134119987893,30.448926338447738,20.172563156830055,0.01,0.05,1749976727.5082552
1,2542118182645839563,36.76654575790566,24.96536323011324,39.300390998074946,0.01,0.05,1749976727.514824
1,4796847891276672714,35.72552272791602,25.82520227903355,33.20412827459937,0.01,0.05,1749976727.5216804
1,-8353579837904376111,32.051425663783384,22.42787394147526,31.943421747820974,0.01,0.05,1749976727.528366
1,-9207233788336552238,22.14556845974932,20.027182574151155,36.26124202076143,0.01,0.05,1749976727.5346596
1,6876085663997406923,32.1198148689831,36.11676688516401,22.757715752904893,0.01,0.05,1749976727.5947611
1,-2292805403971090727,27.097523437810747,33.85683031275578,26.19504405274699,0.01,0.05,1749976727.6125975
1,-2208707734188474660,21.14164284788351,22.022365210967422,34.928235137936625,0.01,0.05,1749976727.619735
1,2265299940071581405,36.48199852581929,32.002270442865665,35.42354761518396,0.01,0.05,1749976727.625867
1,-6861768659524278556,26.79113047158218,32.352110512526416,28.53184722453083,0.01,0.05,1749976727.6312537
1,-4248675067997528347,39.49882777384026,36.91420212917542,34.37930023490871,0.01,0.05,1749976727.6368096
1,-4708640002998268178,35.89100432599788,39.39484497125579,32.72398637361728,0.01,0.05,1749976727.6423054
1,1459761054984709871,28.665511142190468,23.672704497720456,23.840484249410252,0.01,0.05,1749976727.6956425
1,3939687753805895412,28.658724959088353,34.46357251548494,31.569896150779165,0.01,0.05,1749976727.7021558
1,2704168536260919030,25.922955318636905,26.73800199057393,39.79524824438543,0.01,0.05,1749976727.707793
1,-3994984256190810375,23.763269527007125,24.925539729637485,35.07757581291446,0.01,0.05,1749976727.7253754
1,6498254424692635386,39.975859393164605,34.621204351384556,33.085442785165405,0.01,0.05,1749976727.7312062
1,3276415822857715452,20.021171877908507,24.008702748111403,37.384785875095474,0.01,0.05,1749976727.7366397
1,5085613914672809728,38.82129153151027,33.04824423702949,37.55395770039141,0.01,0.05,1749976727.7423468
1,1610054056146548488,38.45346341533971,23.515088328340763,23.323824834783853,0.01,0.05,1749976727.7967908
1,6322871403529375500,33.119588223991364,38.84727438606168,24.973150225144945,0.01,0.05,1749976727.8040898
1,2864263478686457614,38.792619232109956,21.81845382383448,33.904530634069516,0.01,0.05,1749976727.8116355
1,-4481590449370265839,23.006523700777496,24.684616053195565,31.892620423874163,0.01,0.05,1749976727.817416
1,-4343707173323299054,26.979931867086485,33.643720107277595,35.508569370838025,0.01,0.05,1749976727.8357172
1,-4231161256655528176,35.82786127651745,32.7684162863919,36.272715858052436,0.01,0.05,1749976727.841511
1,5156847712146087697,23.56398090668805,31.594278088528007,29.44179802734951,0.01,0.05,1749976727.8475018
1,-170764291981846764,24.56787502982464,21.527566744478325,29.12891083176695,0.01,0.05,1749976727.9008923
1,1269202729662639901,22.34968232924907,39.60402216563344,27.10575759504531,0.01,0.05,1749976727.907394
1,5522358851439658780,20.199959712986107,32.96485644857942,20.812791785399074,0.01,0.05,1749976727.9135454
1,621753652189933342,30.62289863558031,39.01546340076749,21.354218973112474,0.01,0.05,1749976727.932075
1,2359850236846481181,32.88129098885494,22.718097920261545,37.321198236518114,0.01,0.05,1749976727.938573
1,2836960468804450080,37.68090175665694,31.870425438985315,20.951481844586823,0.01,0.05,1749976727.9451852
1,-5761665652577894617,28.25168723678192,36.359654289783634,38.69679809485283,0.01,0.05,1749976727.9508274
1,8969453172186697506,33.35928050878964,34.982033564875934,32.31359483552676,0.01,0.05,1749976728.0017042
1,8039997308652707625,24.962012508692975,24.097504213007177,32.38664039650748,0.01,0.05,1749976728.0075204
1,-105291876395743443,21.777858106089884,36.602756331649914,36.38738181050601,0.01,0.05,1749976728.0135314
1,-290721551676715218,31.063606395026934,29.02838157577858,23.717142055095348,0.01,0.05,1749976728.0312083
1,-8778653489456668875,30.03597777282597,33.05975520067486,35.59383827666911,0.01,0.05,1749976728.0377827
1,2299629040698887988,27.15686000546872,20.960663554089052,20.52802574247864,0.01,0.05,1749976728.044095
1,4110923008122349364,22.706423378964256,23.97005268503407,37.20912915808543,0.01,0.05,1749976728.0988097
1,-8554777334907230407,35.678528237893445,38.01439491820736,30.06514148390172,0.01,0.05,1749976728.1062737
1,-9049501655688534211,21.291780592815574,30.435531937397815,21.90674573795626,0.01,0.05,1749976728.1130571
1,-5414371690338551994,27.184550343455022,21.485598631011722,21.97531397685563,0.01,0.05,1749976728.1202004
1,-1138427143409383610,32.125886347418415,37.67663454407832,22.408575751860294,0.01,0.05,1749976728.1405876
1,-7709121043036025014,33.063412983082095,34.89296271316546,36.50858043948291,0.01,0.05,1749976728.1484654
1,-6895797473262110903,35.05595036958526,31.200942657894398,25.81324092479352,0.01,0.05,1749976728.1560237
1,512998855444389706,22.661952597832148,22.31048794136579,37.19366410550013,0.01,0.05,1749976728.1996295
1,9065855110590048075,34.83556623668695,38.716629654827045,33.283991977702286,0.01,0.05,1749976728.2071831
1,-7686712280533491879,31.650976417875373,39.215595628937834,22.99953718204057,0.01,0.05,1749976728.2148566
1,5108576451051222868,39.612347510717214,32.900157183948366,33.119290190318594,0.01,0.05,1749976728.2343054
1,-4281356931678941351,37.51381310349211,37.51567054710607,37.11291438545149,0.01,0.05,1749976728.2407565
1,2867694499349985112,32.61722530263078,38.375716990391076,26.10351488480987,0.01,0.05,1749976728.2476418
1,8520144736454635359,38.116097234632775,34.58989974492779,29.27347658048697,0.01,0.05,1749976728.2539735
1,-5187677398443694224,20.130328611557236,20.717221357583192,37.84395578149406,0.01,0.05,1749976728.3037612
1,-7145215614488023183,38.746516037042426,25.046059598064495,36.83885944415803,0.01,0.05,1749976728.3101854
1,7572463815467040619,31.78045902321462,32.07711853625246,38.68598940187174,0.01,0.05,1749976728.3165073
1,224209655237154675,35.55712646086763,35.66284730031556,35.90413505309078,0.01,0.05,1749976728.3339176
1,-8258653826472452225,21.898340391461705,36.77729844502507,34.37613247352991,0.01,0.05,1749976728.3413525
1,-3775864325459966080,34.74394033948717,32.23333354887233,25.74223780184895,0.01,0.05,1749976728.349527
1,-4808509141671250043,30.529993962144538,31.109056828190397,31.16278486524461,0.01,0.05,1749976728.3557076
1,2641285744709248901,39.98774507535531,20.192179313909865,20.23778925416201,0.01,0.05,1749976728.404049
1,979976273043560328,35.1987960111372,39.6197689006225,32.35434851480473,0.01,0.05,1749976728.4095047
1,-2631317165394219120,22.70499779832396,24.59923321956517,27.835312988129147,0.01,0.05,1749976728.4149954
1,2763304036900839311,28.83232210250167,30.08342053767727,21.288426739631834,0.01,0.05,1749976728.4331646
1,-766611577457160304,22.99648003123687,33.25325552364026,22.340390130161836,0.01,0.05,1749976728.4383178
1,-1020544883411120232,37.74463288073872,33.348498129678696,20.464051148340488,0.01,0.05,1749976728.443607
1,-6002558190918465638,36.020441635975736,25.442764730876192,33.32825984504138,0.01,0.05,1749976728.5013642
1,4751074705030543256,29.650626543812738,29.257084858528575,38.836162269897436,0.01,0.05,1749976728.5077798
1,-777685955599265894,26.676750388517306,26.375614741069697,38.75235980272789,0.01,0.05,1749976728.5154967
1,-4349207951690442843,38.55382744717511,28.062414115869558,23.08458833835734,0.01,0.05,1749976728.5331662
1,646873034030376871,32.38541069594333,35.73287309582879,35.33920409631726,0.01,0.05,1749976728.5406303
1,-2560792046708267093,36.75637550542419,23.731895471694536,26.372252909248893,0.01,0.05,1749976728.5461943
1,1436321921563232170,28.32709885779883,38.116674143920164,39.40026788419358,0.01,0.05,1749976728.5521111
1,815611939847770030,38.80629011274213,28.652847408183042,32.977279690979685,0.01,0.05,1749976728.6014476
1,-7674406608094568525,35.48905432197628,21.319856721455473,24.097431506532477,0.01,0.05,1749976728.606722
1,1598227677313435569,20.15264841519937,39.262482008879076,32.39672416468552,0.01,0.05,1749976728.612494
1,6923566302755501997,25.433513362557434,27.912652911495016,34.432619383253886,0.01,0.05,1749976728.6289535
1,-4207052809099372620,31.958012902956128,34.16429066176589,36.07837848049789,0.01,0.05,1749976728.6344492
1,4941385880882034609,27.274624736857938,21.17429467855985,36.264595194874985,0.01,0.05,1749976728.6398335
1,242911838348801975,21.258441317245634,21.679181979149934,36.28844103021284,0.01,0.05,1749976728.6457286
1,8517905095827451830,34.98411919342047,33.8741426279334,30.1159958547274,0.01,0.05,1749976728.7059407
1,-2238881910552686663,30.561684855154233,34.8790621771044,37.318662227533466,0.01,0.05,1749976728.7116039
1,-1853947672102867013,21.508899331687378,36.68381483076104,37.994232896671534,0.01,0.05,1749976728.716934
1,-1953416736005161024,32.53821390595062,29.31969240086065,23.459135693383654,0.01,0.05,1749976728.7334244
1,-7246273945483583548,29.43010113818701,30.688634110186065,38.037502481828156,0.01,0.05,1749976728.7387717
1,-6140599166554337342,27.049028542453346,28.002957933432864,34.43433729993281,0.01,0.05,1749976728.7443209
1,6483215569167484870,24.653080899897024,35.0044660510977,33.46138779884203,0.01,0.05,1749976728.7498572
1,8991748219114151879,22.884910405679257,34.11179412406054,29.786137941457255,0.01,0.05,1749976728.8061914
1,-492792059325300788,20.562743940195595,34.75252272411111,36.78451099665432,0.01,0.05,1749976728.8118641
1,-4449942461520926770,38.491497693445716,37.26230455665649,37.39176634118279,0.01,0.05,1749976728.8170097
1,5012605668716797903,21.369738659098413,28.730274946796918,25.208575504654064,0.01,0.05,1749976728.8364794
1,-9043678033484578856,36.25231065223261,32.947698328785904,26.810723853599374,0.01,0.05,1749976728.8416736
1,221843750984681429,37.93029098002476,23.551254948593762,24.12503394812024,0.01,0.05,1749976728.8471997
1,6338248964693596117,33.85880675300625,27.98494340997804,35.80411005645139,0.01,0.05,1749976728.9041004
1,-5293063180989171746,27.48402000308884,38.30427443612626,34.134898692858044,0.01,0.05,1749976728.9103968
1,-4753475955642474523,21.042573103600944,36.665449846156136,36.96505349622509,0.01,0.05,1749976728.9159062
1,-1206249012725420059,35.61990527291094,37.448905502404635,22.044077822034463,0.01,0.05,1749976728.932624
1,3013146854564286440,20.574343803136557,34.57596115893891,27.807232063772,0.01,0.05,1749976728.9383843
1,-3729921664650799117,22.642210396204533,39.142578136236345,34.003514338719654,0.01,0.05,1749976728.9443264
1,-1126086838173339658,22.2528213582495,39.998375612681436,28.886421155781317,0.01,0.05,1749976728.9497387
1,1301501615506403319,31.787220821015392,39.74107433739255,21.583682448382106,0.01,0.05,1749976729.0042922
1,3297424915606355961,22.150261037971454,37.78666422626132,35.643422746428826,0.01,0.05,1749976729.0095353
