round,rank,client_id,score,selected,source,stage
1,1,2641285744709248901,0.5590665333159881,True,strategy,Stage 1
1,2,-254778862473103105,0.552313647212688,True,strategy,Stage 1
1,3,-7830550697571516130,0.5485836805616188,True,strategy,Stage 1
1,4,2277463216277452806,0.542655232333423,True,strategy,Stage 1
1,5,-6972055089421319862,0.5398253509213147,True,strategy,Stage 1
1,6,-3700124685688122738,0.5383375882538005,True,strategy,Stage 1
1,7,4436484112822309905,0.5375286207268497,True,strategy,Stage 1
1,8,1610054056146548488,0.5370429541657891,True,strategy,Stage 1
1,9,-4176790549541542511,0.536255686716671,True,strategy,Stage 1
1,10,-1944971143436108609,0.5352206570512619,True,strategy,Stage 1
1,11,1784424753735810035,0.5335868099121346,True,strategy,Stage 1
1,12,221843750984681429,0.5322291680867204,True,strategy,Stage 1
1,13,-5570843267962287178,0.5305339308246311,True,strategy,Stage 1
1,14,7521430690109450659,0.5293698572016976,True,strategy,Stage 1
1,15,-4349207951690442843,0.5290289597745969,True,strategy,Stage 1
1,16,-4702236644493969732,0.5287361038914569,True,strategy,Stage 1
1,17,-6308279416279294515,0.5271791661095955,True,strategy,Stage 1
1,18,-22438519665442474,0.5267635632548118,True,strategy,Stage 1
1,19,-6859770135987254826,0.5267176567129936,True,strategy,Stage 1
1,20,-1684450321766920004,0.5265605678869618,True,strategy,Stage 1
1,21,-2289174308002918165,0.5257776176361784,True,strategy,Stage 1
1,22,5447836373618481693,0.5252391898072111,True,strategy,Stage 1
1,23,-374323217850480065,0.5246117910579788,True,strategy,Stage 1
1,24,1628681023847519480,0.5239503047313097,True,strategy,Stage 1
1,25,-4658317758820936584,0.5239052612440587,True,strategy,Stage 1
1,26,8286279148483510405,0.5228387883183121,True,strategy,Stage 1
1,27,-7674406608094568525,0.5220997494758819,True,strategy,Stage 1
1,28,2864263478686457614,0.5213097464768517,True,strategy,Stage 1
1,29,-2109539744156487254,0.5209044474482034,True,strategy,Stage 1
1,30,2836960468804450080,0.5204415959727974,True,strategy,Stage 1
1,31,-2560792046708267093,0.5203299562706583,True,strategy,Stage 1
1,32,1842440875869250679,0.5195323386058948,True,strategy,Stage 1
1,33,4042378240791026222,0.5194840992337586,True,strategy,Stage 1
1,34,-2991727167295995177,0.5194584541807469,True,strategy,Stage 1
1,35,-5686105283516281674,0.5192630389240892,True,strategy,Stage 1
1,36,5981470507853437564,0.5190170123771659,True,strategy,Stage 1
1,37,-8009220404035197356,0.5189426322263297,True,strategy,Stage 1
1,38,-5086680533827752815,0.5188866720240652,True,strategy,Stage 1
1,39,-1020544883411120232,0.5188426987283941,True,strategy,Stage 1
1,40,8228752432212287634,0.5186680933642034,False,strategy,Stage 1
1,41,-3298518382392163044,0.5185846268078015,False,strategy,Stage 1
1,42,6710897516243923087,0.5184540226486133,False,strategy,Stage 1
1,43,-5919944064528155114,0.5184031449566957,False,strategy,Stage 1
1,44,3931697365011352070,0.5178876847356124,False,strategy,Stage 1
1,45,-3582849632532878080,0.517704773753832,False,strategy,Stage 1
1,46,-3168342958953188464,0.5169021898092806,False,strategy,Stage 1
1,47,-6860309365953534288,0.5167065308669989,False,strategy,Stage 1
1,48,-8771406939590888866,0.5160565513481142,False,strategy,Stage 1
1,49,-4705881336763828797,0.5155253749266552,False,strategy,Stage 1
1,50,-4591820849515832376,0.5150006230321353,False,strategy,Stage 1
1,51,-6802480876386334568,0.5146109651025025,False,strategy,Stage 1
1,52,-4745529052350822223,0.5137512115384268,False,strategy,Stage 1
1,53,-6969440838730386617,0.5131429385114468,False,strategy,Stage 1
1,54,-2672266944017791448,0.512584805458784,False,strategy,Stage 1
1,55,2552605531981542238,0.512035449570486,False,strategy,Stage 1
1,56,-5488720906479137948,0.5116557261435554,False,strategy,Stage 1
1,57,8411977551083922586,0.5116082542841514,False,strategy,Stage 1
1,58,-3536812137142646353,0.51116845051924,False,strategy,Stage 1
1,59,8396951445531652245,0.5106943227343413,False,strategy,Stage 1
1,60,-3203554749945503666,0.5102853429535387,False,strategy,Stage 1
1,61,-4527676452333433769,0.5100858727456304,False,strategy,Stage 1
1,62,-5042204655625186113,0.5097446469623719,False,strategy,Stage 1
1,63,2894092512506682235,0.5096817010976716,False,strategy,Stage 1
1,64,815611939847770030,0.5095774864781273,False,strategy,Stage 1
1,65,2109781240380793151,0.5091757439074225,False,strategy,Stage 1
1,66,-3577602821652499552,0.509167824275248,False,strategy,Stage 1
1,67,1150465569610622575,0.5088611954622677,False,strategy,Stage 1
1,68,-3278879786250265697,0.5088154885552025,False,strategy,Stage 1
1,69,-7145215614488023183,0.5087092581378095,False,strategy,Stage 1
1,70,-6930973839763206703,0.5085766255457209,False,strategy,Stage 1
1,71,-6585295008200335989,0.5085348860190995,False,strategy,Stage 1
1,72,8289788418791230931,0.5081383732434795,False,strategy,Stage 1
1,73,8468026234489575692,0.5080195299049737,False,strategy,Stage 1
1,74,5971234156951024155,0.5074831175006347,False,strategy,Stage 1
1,75,-2215336324795259811,0.5074728457141904,False,strategy,Stage 1
1,76,3022375772425847914,0.5074172781506892,False,strategy,Stage 1
1,77,-8143672571346925506,0.5063889437927621,False,strategy,Stage 1
1,78,-53803378577276520,0.5060846275913717,False,strategy,Stage 1
1,79,-4681490118374562842,0.506038702449962,False,strategy,Stage 1
1,80,1859442728897365700,0.5058025195034279,False,strategy,Stage 1
1,81,5108576451051222868,0.5056351903157694,False,strategy,Stage 1
1,82,-1812409909522246195,0.5055652790139549,False,strategy,Stage 1
1,83,3892421865587462255,0.5055164898504952,False,strategy,Stage 1
1,84,-6458947347768967877,0.5054810228812829,False,strategy,Stage 1
1,85,-8291724929893961176,0.5053283577956562,False,strategy,Stage 1
1,86,-880444712731260417,0.505316635942855,False,strategy,Stage 1
1,87,-2123628997354689998,0.5052022650541378,False,strategy,Stage 1
1,88,5446880071014372614,0.5051509828006775,False,strategy,Stage 1
1,89,1689998749337165012,0.5051251017911924,False,strategy,Stage 1
1,90,8229510189908065354,0.5049192772659368,False,strategy,Stage 1
1,91,-1131765974234262557,0.5046723220966357,False,strategy,Stage 1
1,92,-5208424918981776558,0.5045872462036098,False,strategy,Stage 1
1,93,6498254424692635386,0.5044418620858877,False,strategy,Stage 1
1,94,-7983872532150819937,0.5041936721089718,False,strategy,Stage 1
1,95,4312520751872818405,0.5041688396500896,False,strategy,Stage 1
1,96,6889810767061672376,0.5041483047655252,False,strategy,Stage 1
1,97,1241584875999388201,0.5038038428315204,False,strategy,Stage 1
1,98,-7905345303592977143,0.5035402577305624,False,strategy,Stage 1
1,99,4268000043937398037,0.5034896227494493,False,strategy,Stage 1
1,100,9214797922140355948,0.5033865558852688,False,strategy,Stage 1
1,101,-192258316629357527,0.5032358549860922,False,strategy,Stage 1
1,102,5216654391054677288,0.5030213334043405,False,strategy,Stage 1
1,103,-7823061304643642201,0.5030205852108599,False,strategy,Stage 1
1,104,8472180735558005079,0.5027169597374316,False,strategy,Stage 1
1,105,-2489861759264103338,0.5026251452514374,False,strategy,Stage 1
1,106,-2249083415751479199,0.5025728148663077,False,strategy,Stage 1
1,107,-8758007805392999042,0.5024972169551385,False,strategy,Stage 1
1,108,-5267934173029577382,0.5023003457171918,False,strategy,Stage 1
1,109,-1757953669534400308,0.502249637376334,False,strategy,Stage 1
1,110,-2307262140132713785,0.502025897548431,False,strategy,Stage 1
1,111,2545276127303655755,0.501926571921635,False,strategy,Stage 1
1,112,9100217642633376155,0.5014112819372365,False,strategy,Stage 1
1,113,8520144736454635359,0.5009698307569671,False,strategy,Stage 1
1,114,8270428569268832538,0.5007792624586185,False,strategy,Stage 1
1,115,6369425006423327153,0.5007709196101268,False,strategy,Stage 1
1,116,7077856384570952426,0.5005440701505306,False,strategy,Stage 1
1,117,2268024587824791817,0.5004397247103107,False,strategy,Stage 1
1,118,-3450124012163836548,0.5003075989219202,False,strategy,Stage 1
1,119,8413692815653831877,0.49965970088327316,False,strategy,Stage 1
1,120,104618155699137059,0.49897210569438427,False,strategy,Stage 1
1,121,710516935162736981,0.4988902211672752,False,strategy,Stage 1
1,122,-2206428545647554060,0.498617782209159,False,strategy,Stage 1
1,123,-6002558190918465638,0.4985806006640193,False,strategy,Stage 1
1,124,5064023948048223178,0.4981163245582938,False,strategy,Stage 1
1,125,-9043678033484578856,0.49799701954862513,False,strategy,Stage 1
1,126,-3229508411418070032,0.49779974759646145,False,strategy,Stage 1
1,127,2203642075868285063,0.4974885136032392,False,strategy,Stage 1
1,128,9043483438722877121,0.49737198111647485,False,strategy,Stage 1
1,129,2523450670449904685,0.497197029048886,False,strategy,Stage 1
1,130,3689610644911700914,0.49701317694154495,False,strategy,Stage 1
1,131,-9044758208751430040,0.49667890718767926,False,strategy,Stage 1
1,132,-824958906826496320,0.4966670823371668,False,strategy,Stage 1
1,133,-4638260443320699679,0.4965474734605885,False,strategy,Stage 1
1,134,-5183558375799512283,0.4965201819450295,False,strategy,Stage 1
1,135,-6895797473262110903,0.49630733505213576,False,strategy,Stage 1
1,136,4796847891276672714,0.4962944752602303,False,strategy,Stage 1
1,137,-2827847024635837367,0.49605642516217474,False,strategy,Stage 1
1,138,2157295070759128112,0.4959834412488036,False,strategy,Stage 1
1,139,4805709504041175290,0.4959731084444491,False,strategy,Stage 1
1,140,-6330889182458229423,0.4953680202779007,False,strategy,Stage 1
1,141,-3715703915861121899,0.49499858899285865,False,strategy,Stage 1
1,142,4616836120411761784,0.4948934041469476,False,strategy,Stage 1
1,143,-1206249012725420059,0.49473346498858745,False,strategy,Stage 1
1,144,-4248675067997528347,0.4944059619148733,False,strategy,Stage 1
1,145,-6880322404486193822,0.4943175930136741,False,strategy,Stage 1
1,146,-5363652812224418146,0.4942852710800495,False,strategy,Stage 1
1,147,8146570672598220020,0.49388842243880615,False,strategy,Stage 1
1,148,-5952378898255815826,0.49352798683907445,False,strategy,Stage 1
1,149,4316082635628505442,0.4931052401346421,False,strategy,Stage 1
1,150,6851666156543714647,0.49252755849143837,False,strategy,Stage 1
1,151,-3775864325459966080,0.49251249933548047,False,strategy,Stage 1
1,152,-8122219709887659317,0.49231469150719565,False,strategy,Stage 1
1,153,2542118182645839563,0.4920677660910576,False,strategy,Stage 1
1,154,-5218606262788206974,0.49204804767436106,False,strategy,Stage 1
1,155,9019203681089235360,0.49203885534606906,False,strategy,Stage 1
1,156,5085613914672809728,0.4917233453142198,False,strategy,Stage 1
1,157,-8117611507387645089,0.49149114514008624,False,strategy,Stage 1
1,158,-3994757810941745771,0.49139694815294943,False,strategy,Stage 1
1,159,5871336720480629881,0.49115576650629855,False,strategy,Stage 1
1,160,-2960286753468480514,0.49095831504441056,False,strategy,Stage 1
1,161,-5391606530799333986,0.4907639116901912,False,strategy,Stage 1
1,162,-6707715122696422757,0.49050619307449805,False,strategy,Stage 1
1,163,1907225729498449577,0.4904998691772868,False,strategy,Stage 1
1,164,7298692314650948997,0.49044444491259553,False,strategy,Stage 1
1,165,5147691343405716303,0.4902533588028464,False,strategy,Stage 1
1,166,7178271905647278153,0.4899404033587886,False,strategy,Stage 1
1,167,5904946937034359238,0.4899340456064909,False,strategy,Stage 1
1,168,-3231330830701498948,0.48984894977112187,False,strategy,Stage 1
1,169,-5890428543252238964,0.4897695941266911,False,strategy,Stage 1
1,170,-5871609680373666986,0.48973435543220833,False,strategy,Stage 1
1,171,-1953416736005161024,0.48967162724721514,False,strategy,Stage 1
1,172,-1245413996283073045,0.4896097936892011,False,strategy,Stage 1
1,173,2583915540703658365,0.4896069032374126,False,strategy,Stage 1
1,174,9091901999182122059,0.4894140126009784,False,strategy,Stage 1
1,175,5903600270689036540,0.4892864999828489,False,strategy,Stage 1
1,176,7641899471395779063,0.48912832829422304,False,strategy,Stage 1
1,177,5384950322847230353,0.488759726739101,False,strategy,Stage 1
1,178,2913846915807760497,0.4885270297528269,False,strategy,Stage 1
1,179,-5681738920874222401,0.4885249737025667,False,strategy,Stage 1
1,180,8831465506145547336,0.48844550404833476,False,strategy,Stage 1
1,181,-8514769235668030169,0.4884138626914174,False,strategy,Stage 1
1,182,7268729860366605948,0.4879973149239284,False,strategy,Stage 1
1,183,5059494023116925939,0.4878525968955848,False,strategy,Stage 1
1,184,7429230264484260346,0.4877321038932396,False,strategy,Stage 1
1,185,-8901231704799259226,0.48765395886035456,False,strategy,Stage 1
1,186,-274852816707075051,0.4875410806196272,False,strategy,Stage 1
1,187,7929106002112483688,0.48653827991003984,False,strategy,Stage 1
1,188,-1502908579073048201,0.4864681297770199,False,strategy,Stage 1
1,189,41912371026352928,0.48622827789228085,False,strategy,Stage 1
1,190,6125499157052431357,0.4858540674387905,False,strategy,Stage 1
1,191,-618208136859046612,0.48558806067450866,False,strategy,Stage 1
1,192,7378911984294670945,0.48535760078186363,False,strategy,Stage 1
1,193,371076783944859157,0.4851621234300708,False,strategy,Stage 1
1,194,4274033883609113872,0.485036347540956,False,strategy,Stage 1
1,195,7983026646606066735,0.4847243104153032,False,strategy,Stage 1
1,196,-9080357606967946176,0.48465889559430464,False,strategy,Stage 1
1,197,7186789176029737910,0.48447920451958026,False,strategy,Stage 1
1,198,-6337347326474405840,0.4844790943631193,False,strategy,Stage 1
1,199,1974477378160251804,0.4842995115372831,False,strategy,Stage 1
1,200,2580728568065955385,0.48414416086941925,False,strategy,Stage 1
1,201,-6889050685894668916,0.48411664027682433,False,strategy,Stage 1
1,202,2265299940071581405,0.48404035503881654,False,strategy,Stage 1
1,203,5261026081270123696,0.483884429558311,False,strategy,Stage 1
1,204,-5997771805844055677,0.4838822001948997,False,strategy,Stage 1
1,205,1332795975019446369,0.48381450050977715,False,strategy,Stage 1
1,206,-8353579837904376111,0.4835659626041079,False,strategy,Stage 1
1,207,2922897276059386718,0.4831023945742422,False,strategy,Stage 1
1,208,-7705207501755032719,0.4830335276370329,False,strategy,Stage 1
1,209,-4219606639399097264,0.4830317956593876,False,strategy,Stage 1
1,210,-7681598167129298738,0.4830062271466597,False,strategy,Stage 1
1,211,-9163996259305272426,0.4829897640114593,False,strategy,Stage 1
1,212,5922792545316159774,0.4827238285077202,False,strategy,Stage 1
1,213,2961058697361353092,0.48246386177670986,False,strategy,Stage 1
1,214,358665967876578330,0.4824494132248976,False,strategy,Stage 1
1,215,-3050043542725358950,0.48233441125622206,False,strategy,Stage 1
1,216,-6842496027124595630,0.4822144869717711,False,strategy,Stage 1
1,217,3861858064116002400,0.4820855531258965,False,strategy,Stage 1
1,218,-4208915477878794135,0.4819821829525737,False,strategy,Stage 1
1,219,8517905095827451830,0.48192443819520114,False,strategy,Stage 1
1,220,-5168160694499263554,0.4819236857863631,False,strategy,Stage 1
1,221,-4449942461520926770,0.4816408443649957,False,strategy,Stage 1
1,222,7672413132156376276,0.4816252780812019,False,strategy,Stage 1
1,223,2110270543115339921,0.4814890731157133,False,strategy,Stage 1
1,224,4155413489773093269,0.48134525684479024,False,strategy,Stage 1
1,225,-4842430872414174215,0.4812215404083355,False,strategy,Stage 1
1,226,8024965099868580293,0.48119322454713914,False,strategy,Stage 1
1,227,1160414661946304800,0.4808978921245588,False,strategy,Stage 1
1,228,-6322819258668877215,0.48089674125960047,False,strategy,Stage 1
1,229,-290721551676715218,0.4808905911084137,False,strategy,Stage 1
1,230,2073520301888954561,0.48087831128368963,False,strategy,Stage 1
1,231,648669859987374766,0.4808212599991961,False,strategy,Stage 1
1,232,-4378472489836709794,0.48078676903578876,False,strategy,Stage 1
1,233,4023589541176114072,0.48073592053845926,False,strategy,Stage 1
1,234,5389204999749868388,0.4806615192593314,False,strategy,Stage 1
1,235,-430750971369548637,0.48032702647339653,False,strategy,Stage 1
1,236,8706007375726238913,0.48009164564107387,False,strategy,Stage 1
1,237,4249109148025401441,0.4800434455162226,False,strategy,Stage 1
1,238,2299629040698887988,0.47996378143967694,False,strategy,Stage 1
1,239,-7563633319707928924,0.4798548433045505,False,strategy,Stage 1
1,240,-291540618944637638,0.4798450163379019,False,strategy,Stage 1
1,241,-7259008226471967984,0.4794241977211323,False,strategy,Stage 1
1,242,5026057028794766118,0.4793328062063765,False,strategy,Stage 1
1,243,3161650388418749951,0.47911148984820573,False,strategy,Stage 1
1,244,4475505639930329123,0.4787291310949774,False,strategy,Stage 1
1,245,-3104702465027517185,0.4780524107474824,False,strategy,Stage 1
1,246,1032431473644205026,0.4779966727940867,False,strategy,Stage 1
1,247,-8280455907722205780,0.47794018835350616,False,strategy,Stage 1
1,248,-8554777334907230407,0.4779120966231425,False,strategy,Stage 1
1,249,-7839877482466811606,0.47776243241353655,False,strategy,Stage 1
1,250,157751217348898494,0.4777166042397359,False,strategy,Stage 1
1,251,6328273485503850132,0.47760824178567546,False,strategy,Stage 1
1,252,-1772904581448170114,0.47745546511625714,False,strategy,Stage 1
1,253,2359850236846481181,0.4772091536195704,False,strategy,Stage 1
1,254,1459761054984709871,0.4769666893588814,False,strategy,Stage 1
1,255,-4231161256655528176,0.47688490337021605,False,strategy,Stage 1
1,256,9010785440354254032,0.4764722817221988,False,strategy,Stage 1
1,257,-5414371690338551994,0.4761854768449954,False,strategy,Stage 1
1,258,-3577039255599185469,0.4760081642173334,False,strategy,Stage 1
1,259,5138335714999194132,0.4759468836823937,False,strategy,Stage 1
1,260,-4281356931678941351,0.4758257087558375,False,strategy,Stage 1
1,261,2783944521264332804,0.47564218213671583,False,strategy,Stage 1
1,262,6338248964693596117,0.4755747335851786,False,strategy,Stage 1
1,263,203671291555356913,0.4753086274849171,False,strategy,Stage 1
1,264,-4510101225502208753,0.4752246514709647,False,strategy,Stage 1
1,265,4993390171454318276,0.47512485014071326,False,strategy,Stage 1
1,266,6876085663997406923,0.47496992393776083,False,strategy,Stage 1
1,267,4045183483256424569,0.474623840892421,False,strategy,Stage 1
1,268,4772726522911228915,0.4744272108955845,False,strategy,Stage 1
1,269,3712120760682740274,0.47409527809310015,False,strategy,Stage 1
1,270,8983525532841338091,0.4738633933505232,False,strategy,Stage 1
1,271,-6871773080057147365,0.473408323927554,False,strategy,Stage 1
1,272,-3516092679697102254,0.4729922970305879,False,strategy,Stage 1
1,273,-8008143004867147081,0.47291217775838956,False,strategy,Stage 1
1,274,-7366277117777916293,0.4726819637325935,False,strategy,Stage 1
1,275,-1138427143409383610,0.4725848974926333,False,strategy,Stage 1
1,276,6498345377700860807,0.4722322110583295,False,strategy,Stage 1
1,277,-646095525908629031,0.47212832184677994,False,strategy,Stage 1
1,278,3474952592091265105,0.4718521186530854,False,strategy,Stage 1
1,279,7654518556765551611,0.47147970521360105,False,strategy,Stage 1
1,280,5939067255823907923,0.4714500870953787,False,strategy,Stage 1
1,281,-4708640002998268178,0.47110836326624117,False,strategy,Stage 1
1,282,6322871403529375500,0.4710766801215349,False,strategy,Stage 1
1,283,-1684841583392260702,0.47070885537605744,False,strategy,Stage 1
1,284,-7947336573071366797,0.47060249094337714,False,strategy,Stage 1
1,285,-5283485229908856283,0.47050722794628275,False,strategy,Stage 1
1,286,5772412401488183922,0.47044949300118544,False,strategy,Stage 1
1,287,-1731161782237099547,0.47041052796694227,False,strategy,Stage 1
1,288,-2831121225993690940,0.47030274868935884,False,strategy,Stage 1
1,289,2763304036900839311,0.4702502380603918,False,strategy,Stage 1
1,290,224209655237154675,0.4702087940583931,False,strategy,Stage 1
1,291,-6625736076349394858,0.47019523372384786,False,strategy,Stage 1
1,292,-8192206138673424075,0.46981666252477683,False,strategy,Stage 1
1,293,2800698628823572078,0.469785583055477,False,strategy,Stage 1
1,294,2366818053095551371,0.4694431376517584,False,strategy,Stage 1
1,295,-3865077491541000686,0.46927520134186806,False,strategy,Stage 1
1,296,-825217249332538679,0.4688336692475358,False,strategy,Stage 1
1,297,-926137864437306913,0.46862884217289613,False,strategy,Stage 1
1,298,-2407536231515996855,0.46842719329569027,False,strategy,Stage 1
1,299,-9029943474615082155,0.46836142511717804,False,strategy,Stage 1
1,300,1189814556622650895,0.4680893233196211,False,strategy,Stage 1
1,301,4645402611192311039,0.4680878775964048,False,strategy,Stage 1
1,302,1301501615506403319,0.4680738113545431,False,strategy,Stage 1
1,303,2833945101676272289,0.4680384287584578,False,strategy,Stage 1
1,304,5291536518300583026,0.46801637438657695,False,strategy,Stage 1
1,305,3000161966360130175,0.4678853860363744,False,strategy,Stage 1
1,306,5931661810299279738,0.46777794671611417,False,strategy,Stage 1
1,307,-6332869456892638910,0.46772745139905303,False,strategy,Stage 1
1,308,7459907443640634827,0.46765342644518443,False,strategy,Stage 1
1,309,-5343329734336160447,0.46750054833496624,False,strategy,Stage 1
1,310,6553436488100784203,0.4673419940109823,False,strategy,Stage 1
1,311,6827683576287624533,0.4672840441123972,False,strategy,Stage 1
1,312,979976273043560328,0.4672445412359687,False,strategy,Stage 1
1,313,3604144634969848936,0.4671792196295058,False,strategy,Stage 1
1,314,-31313472643780191,0.4670591181867818,False,strategy,Stage 1
1,315,2867694499349985112,0.46674488806538283,False,strategy,Stage 1
1,316,-5608263885201819371,0.4666202664865803,False,strategy,Stage 1
1,317,1733126240261572699,0.4665016313193494,False,strategy,Stage 1
1,318,6891269120250446741,0.46643290085798017,False,strategy,Stage 1
1,319,-5495528893199193700,0.4661990937494176,False,strategy,Stage 1
1,320,5646741350199552049,0.4658340219808903,False,strategy,Stage 1
1,321,-5801581227019541056,0.46580360952374544,False,strategy,Stage 1
1,322,-8054036505583919554,0.465798541515145,False,strategy,Stage 1
1,323,-8011002015613837755,0.46569726341100554,False,strategy,Stage 1
1,324,8969453172186697506,0.46556442625193245,False,strategy,Stage 1
1,325,-7686712280533491879,0.4654755928852954,False,strategy,Stage 1
1,326,-5580768230204912871,0.46543840031948186,False,strategy,Stage 1
1,327,513644520839343237,0.4653996471248806,False,strategy,Stage 1
1,328,-3406401278980951017,0.46507810451772114,False,strategy,Stage 1
1,329,1737487194816292166,0.4650756715039793,False,strategy,Stage 1
1,330,9065855110590048075,0.465012154155063,False,strategy,Stage 1
1,331,6712082183568216420,0.46500925464163084,False,strategy,Stage 1
1,332,6627010155660059477,0.46497508955813965,False,strategy,Stage 1
1,333,1407340664349358504,0.46487546455571493,False,strategy,Stage 1
1,334,3934398822700699786,0.4648253668125685,False,strategy,Stage 1
1,335,6248729224455587269,0.46459751713953956,False,strategy,Stage 1
1,336,6486722166181838106,0.4644532389194593,False,strategy,Stage 1
1,337,-8920902347519766321,0.4643764221151263,False,strategy,Stage 1
1,338,8208133744799238675,0.46430525261242545,False,strategy,Stage 1
1,339,8436982507118714286,0.4641977561367703,False,strategy,Stage 1
1,340,6261294568876045321,0.46352150759117916,False,strategy,Stage 1
1,341,621753652189933342,0.4629980270657219,False,strategy,Stage 1
1,342,371154332604082472,0.46299083064084323,False,strategy,Stage 1
1,343,7099702375101995996,0.4629292858762213,False,strategy,Stage 1
1,344,3266702536004880027,0.46286806556158056,False,strategy,Stage 1
1,345,7392065318400869498,0.46283088699888747,False,strategy,Stage 1
1,346,-8919116736039392148,0.4626644977015861,False,strategy,Stage 1
1,347,2009836481022256369,0.46208576492654574,False,strategy,Stage 1
1,348,9107685405141925511,0.4613874268786958,False,strategy,Stage 1
1,349,-6167368236468223848,0.46135172682971975,False,strategy,Stage 1
1,350,-1489037431545263500,0.4610592534050787,False,strategy,Stage 1
1,351,-6916851238041719519,0.4610184943214317,False,strategy,Stage 1
1,352,4613479061356823757,0.4609635897576545,False,strategy,Stage 1
1,353,-1504235375801244096,0.46078335163317885,False,strategy,Stage 1
1,354,5667308197799884208,0.4607671457564426,False,strategy,Stage 1
1,355,566086337956244389,0.46067356669853665,False,strategy,Stage 1
1,356,-2138452960628556737,0.4606023286008174,False,strategy,Stage 1
1,357,-9177232053894079960,0.4605952079501015,False,strategy,Stage 1
1,358,-8854396233377284522,0.4604397971436932,False,strategy,Stage 1
1,359,8926550097483287042,0.4601037918671992,False,strategy,Stage 1
1,360,-5582237520242343127,0.4596555178901808,False,strategy,Stage 1
1,361,3477176545121786221,0.45940257264483264,False,strategy,Stage 1
1,362,4183841511447239199,0.4591223607028292,False,strategy,Stage 1
1,363,-4808509141671250043,0.45863628038599713,False,strategy,Stage 1
1,364,1707398567335750429,0.45862030433051665,False,strategy,Stage 1
1,365,8761103357340900777,0.4585410179238403,False,strategy,Stage 1
1,366,3545763259276067578,0.4582802006162412,False,strategy,Stage 1
1,367,-1978334590133863435,0.45827081704962414,False,strategy,Stage 1
1,368,3643018454242405230,0.4576164235187726,False,strategy,Stage 1
1,369,-1366792473770300523,0.4576037431660033,False,strategy,Stage 1
1,370,8397348378400088742,0.4575358871212988,False,strategy,Stage 1
1,371,2404882079055731895,0.45706607958339185,False,strategy,Stage 1
1,372,7955071890283069083,0.45690368518854896,False,strategy,Stage 1
1,373,-1695686910536633465,0.45604180191599564,False,strategy,Stage 1
1,374,7728173666915466544,0.4560361342354542,False,strategy,Stage 1
1,375,7618730874754660611,0.45591359661424724,False,strategy,Stage 1
1,376,8097368841936192065,0.4558711143191063,False,strategy,Stage 1
1,377,-7709121043036025014,0.4555773915931958,False,strategy,Stage 1
1,378,-7533769740320330157,0.45551788056453635,False,strategy,Stage 1
1,379,4456697388506274574,0.4546374960418396,False,strategy,Stage 1
1,380,-8167573692914593290,0.454547551393677,False,strategy,Stage 1
1,381,2470647714524838370,0.45436557191794014,False,strategy,Stage 1
1,382,3047189532136977763,0.45411501046032465,False,strategy,Stage 1
1,383,5014744448358648091,0.45409384887250565,False,strategy,Stage 1
1,384,2239681921169994476,0.454088069486671,False,strategy,Stage 1
1,385,-7987822820769464232,0.4538946820642643,False,strategy,Stage 1
1,386,1266144581173168588,0.4533216068281263,False,strategy,Stage 1
1,387,-5331248570348207621,0.45308191876985515,False,strategy,Stage 1
1,388,7971726110122837377,0.45289152133105137,False,strategy,Stage 1
1,389,-3115024729006366235,0.4526306653432134,False,strategy,Stage 1
1,390,-8637719078445713230,0.45248726054972144,False,strategy,Stage 1
1,391,3742040444028740126,0.45224849454938004,False,strategy,Stage 1
1,392,-6414953452307948432,0.4522084573874655,False,strategy,Stage 1
1,393,646873034030376871,0.4521683097913679,False,strategy,Stage 1
1,394,8326022170657869014,0.4521561116798316,False,strategy,Stage 1
1,395,-4579331225687525688,0.4520818257293717,False,strategy,Stage 1
1,396,-8107687070352568930,0.4519918105775034,False,strategy,Stage 1
1,397,-4952637024500302506,0.4519632534890179,False,strategy,Stage 1
1,398,-4908614337383972119,0.45142430662294497,False,strategy,Stage 1
1,399,-7520667227731197342,0.4513752786518429,False,strategy,Stage 1
1,400,-4207052809099372620,0.45126273913320925,False,strategy,Stage 1
1,401,2293436857669163986,0.4511913535587325,False,strategy,Stage 1
1,402,1386764898658523688,0.4510269633861248,False,strategy,Stage 1
1,403,-7732776206268902367,0.4510194960229392,False,strategy,Stage 1
1,404,4002458854656474530,0.4510093177462037,False,strategy,Stage 1
1,405,221295865339734141,0.45087093468007167,False,strategy,Stage 1
1,406,6610749148720005659,0.4508287157661034,False,strategy,Stage 1
1,407,4719455595074716562,0.45066282862657103,False,strategy,Stage 1
1,408,2392647222328167802,0.4505334692999689,False,strategy,Stage 1
1,409,171759701887569341,0.45047209410821576,False,strategy,Stage 1
1,410,-5727736895125901792,0.4502882038176613,False,strategy,Stage 1
1,411,-4929862206524398228,0.45017818331776444,False,strategy,Stage 1
1,412,6479214190254739730,0.44978864659193385,False,strategy,Stage 1
1,413,1638948693833163246,0.4497070411309205,False,strategy,Stage 1
1,414,7572463815467040619,0.4491565382630393,False,strategy,Stage 1
1,415,3146312211198246190,0.44888722952326865,False,strategy,Stage 1
1,416,4941385880882034609,0.448769968674278,False,strategy,Stage 1
1,417,2861797212505276841,0.44875202570024714,False,strategy,Stage 1
1,418,-1674476553328303522,0.4487317863527303,False,strategy,Stage 1
1,419,4617935031730765076,0.44866621577718496,False,strategy,Stage 1
1,420,-3523633291103172444,0.4484881869387462,False,strategy,Stage 1
1,421,-7782059651228141408,0.4479708293931515,False,strategy,Stage 1
1,422,-8529639280593401361,0.44766236890576255,False,strategy,Stage 1
1,423,1509597159081927601,0.44720800865853744,False,strategy,Stage 1
1,424,8653026554929058858,0.44697514091241564,False,strategy,Stage 1
1,425,-2697582846930411501,0.4469599470182227,False,strategy,Stage 1
1,426,9217013792458313766,0.44690444153104986,False,strategy,Stage 1
1,427,-790388581706514770,0.44666255223969314,False,strategy,Stage 1
1,428,-6822572146880079613,0.44663280492306745,False,strategy,Stage 1
1,429,-9215717199318910899,0.44656018078149856,False,strategy,Stage 1
1,430,1405950966982716475,0.44652681107417563,False,strategy,Stage 1
1,431,-5326451712532274946,0.44614983138074105,False,strategy,Stage 1
1,432,-170764291981846764,0.44609429502645725,False,strategy,Stage 1
1,433,-5277717603763317382,0.4460049669641757,False,strategy,Stage 1
1,434,-4205822560515858932,0.44596439342273475,False,strategy,Stage 1
1,435,7330151208245940261,0.4458865019478824,False,strategy,Stage 1
1,436,-3023241659891447017,0.44552915024730483,False,strategy,Stage 1
1,437,4865321814815328392,0.44546177422977673,False,strategy,Stage 1
1,438,3107913139300536449,0.44538561606417965,False,strategy,Stage 1
1,439,-7511202104221078374,0.4452515391758588,False,strategy,Stage 1
1,440,4142135738473933571,0.44522123031796107,False,strategy,Stage 1
1,441,-3045791975525918106,0.44489336126630474,False,strategy,Stage 1
1,442,-3508332581695991362,0.44479348531274554,False,strategy,Stage 1
1,443,8362134715270620499,0.44469986619707236,False,strategy,Stage 1
1,444,3718521633598577715,0.4444305008931006,False,strategy,Stage 1
1,445,1620357865082333401,0.44424448533769656,False,strategy,Stage 1
1,446,920648127800485194,0.4438265314670996,False,strategy,Stage 1
1,447,-5272495527146813774,0.4435600193278434,False,strategy,Stage 1
1,448,-5475995211545254342,0.4434590953637931,False,strategy,Stage 1
1,449,-2604277532796845840,0.44326413514963287,False,strategy,Stage 1
1,450,-774152715927084347,0.44295610026966903,False,strategy,Stage 1
1,451,203774601465930278,0.44295008649326356,False,strategy,Stage 1
1,452,-8778653489456668875,0.44290867968226777,False,strategy,Stage 1
1,453,6083847301576524553,0.4428402361321406,False,strategy,Stage 1
1,454,-7241499947944824399,0.4428024113512262,False,strategy,Stage 1
1,455,7518015306903592141,0.4426585284346342,False,strategy,Stage 1
1,456,581901573446024221,0.4424960929327536,False,strategy,Stage 1
1,457,-2292805403971090727,0.44248139189585883,False,strategy,Stage 1
1,458,1192592272724248854,0.442428733212639,False,strategy,Stage 1
1,459,7019600801491544108,0.4422212895799961,False,strategy,Stage 1
1,460,4751074705030543256,0.4417172650060244,False,strategy,Stage 1
1,461,1230014080324583519,0.4411715620057767,False,strategy,Stage 1
1,462,119109879743193464,0.44071850995319223,False,strategy,Stage 1
1,463,8993947012391993896,0.4405184911722206,False,strategy,Stage 1
1,464,-5722247546590338891,0.44051291835225564,False,strategy,Stage 1
1,465,4652509166321709164,0.44035222518349365,False,strategy,Stage 1
1,466,3361001784554235142,0.4403037746991155,False,strategy,Stage 1
1,467,-5390770600624923592,0.4402116095627269,False,strategy,Stage 1
1,468,3939687753805895412,0.43988541242200196,False,strategy,Stage 1
1,469,4385724567703016751,0.4396898683491114,False,strategy,Stage 1
1,470,-7246273945483583548,0.4391283336450936,False,strategy,Stage 1
1,471,-6861768659524278556,0.4389788673553786,False,strategy,Stage 1
1,472,-2238881910552686663,0.43897466032164967,False,strategy,Stage 1
1,473,8819958315024144856,0.43893710299759225,False,strategy,Stage 1
1,474,4821719426773546083,0.43882587928473826,False,strategy,Stage 1
1,475,-3519548191119586036,0.4385116522940936,False,strategy,Stage 1
1,476,5613964240015450438,0.4380224272518062,False,strategy,Stage 1
1,477,-6064046476280977857,0.43794169846452546,False,strategy,Stage 1
1,478,-4397993666359411219,0.43749256176311535,False,strategy,Stage 1
1,479,-6140599166554337342,0.4374195807879887,False,strategy,Stage 1
1,480,3303988134638862830,0.43732845310368895,False,strategy,Stage 1
1,481,3579082183960790089,0.4372208377587098,False,strategy,Stage 1
1,482,-6802365009907572387,0.43714930923365747,False,strategy,Stage 1
1,483,2295940705426147763,0.4370149509150928,False,strategy,Stage 1
1,484,8039997308652707625,0.4368037858331285,False,strategy,Stage 1
1,485,7323786833327202450,0.4367949572491503,False,strategy,Stage 1
1,486,2596069443768390298,0.43645483848226657,False,strategy,Stage 1
1,487,-4417605785832207575,0.4363358310269866,False,strategy,Stage 1
1,488,6649179456858405945,0.43604301019021535,False,strategy,Stage 1
1,489,-3930622930847282478,0.43600175968890004,False,strategy,Stage 1
1,490,-2738854013514722602,0.4356946438989608,False,strategy,Stage 1
1,491,-1670076765215120273,0.4355346379366072,False,strategy,Stage 1
1,492,-5281513326120297939,0.4353306892924922,False,strategy,Stage 1
1,493,7011727705552935662,0.43514207371500985,False,strategy,Stage 1
1,494,-7134591509324108918,0.43494000478961725,False,strategy,Stage 1
1,495,-8403318450468719618,0.43486863255821606,False,strategy,Stage 1
1,496,1455715302697429742,0.4346845044948917,False,strategy,Stage 1
1,497,-5150031856179492355,0.43451497968126823,False,strategy,Stage 1
1,498,2393609905733269726,0.43415312642024073,False,strategy,Stage 1
1,499,-2627400211223469564,0.43384740002244476,False,strategy,Stage 1
1,500,-8602931529325847027,0.4333896171897599,False,strategy,Stage 1
1,501,5960186877990998820,0.4331599256041165,False,strategy,Stage 1
1,502,-8819624333714446272,0.4327360777163286,False,strategy,Stage 1
1,503,-5097155283464023317,0.43266368855146664,False,strategy,Stage 1
1,504,3610330974385722971,0.43252027060369663,False,strategy,Stage 1
1,505,-6143938613918401774,0.43187146655066583,False,strategy,Stage 1
1,506,4593665266841482574,0.4317033743648152,False,strategy,Stage 1
1,507,-34691892301810787,0.43160121764492815,False,strategy,Stage 1
1,508,-4209320640247047804,0.431532540183598,False,strategy,Stage 1
1,509,-2631317165394219120,0.43136089437455516,False,strategy,Stage 1
1,510,3702909564784511011,0.4313251007366131,False,strategy,Stage 1
1,511,8552059241961435156,0.43128183938725917,False,strategy,Stage 1
1,512,4551280249302957232,0.43126478660127787,False,strategy,Stage 1
1,513,7791783316612724253,0.43122074976977554,False,strategy,Stage 1
1,514,3105165150491984040,0.43097781391532775,False,strategy,Stage 1
1,515,2318421947139443325,0.43069744856270065,False,strategy,Stage 1
1,516,4183742721255827760,0.43069507132563944,False,strategy,Stage 1
1,517,4370796631673655512,0.43067699148640265,False,strategy,Stage 1
1,518,-2994421623045792081,0.430517033889396,False,strategy,Stage 1
1,519,-4387255916582869656,0.4304311176339153,False,strategy,Stage 1
1,520,-1770609268217512361,0.43011400563297086,False,strategy,Stage 1
1,521,-777685955599265894,0.4298045532435087,False,strategy,Stage 1
1,522,2529632501960968279,0.42972771002663407,False,strategy,Stage 1
1,523,5135218483626526895,0.4289158997204372,False,strategy,Stage 1
1,524,6495536168977364074,0.428519412463754,False,strategy,Stage 1
1,525,8528587910669611388,0.4283497451178196,False,strategy,Stage 1
1,526,371180992394378931,0.42833783618692656,False,strategy,Stage 1
1,527,1343852770774967184,0.42820043395516194,False,strategy,Stage 1
1,528,742033013794218135,0.42793648616339597,False,strategy,Stage 1
1,529,6923566302755501997,0.4279105355858468,False,strategy,Stage 1
1,530,8052434509375576477,0.4273481712493151,False,strategy,Stage 1
1,531,-369539451254862649,0.42733475087245915,False,strategy,Stage 1
1,532,3470466109249109335,0.4269869739899057,False,strategy,Stage 1
1,533,8033082983645329804,0.4268144609273349,False,strategy,Stage 1
1,534,-766611577457160304,0.426791588879817,False,strategy,Stage 1
1,535,-3264902362086759101,0.4267087238775791,False,strategy,Stage 1
1,536,-4528321915744318807,0.42668386567795413,False,strategy,Stage 1
1,537,8300171455668209307,0.42666196485943775,False,strategy,Stage 1
1,538,-8840825466132815144,0.4262205125031356,False,strategy,Stage 1
1,539,6468883751220763671,0.4260906279854513,False,strategy,Stage 1
1,540,-3649152792232195438,0.42604395533564166,False,strategy,Stage 1
1,541,-5349350954838871572,0.4259353358372782,False,strategy,Stage 1
1,542,2927405350314060989,0.42590222238506603,False,strategy,Stage 1
1,543,3090890397580354962,0.4256713912677389,False,strategy,Stage 1
1,544,5672467758103822947,0.4254678481158858,False,strategy,Stage 1
1,545,-8445308917268385722,0.42513532489457384,False,strategy,Stage 1
1,546,-423059223828598657,0.42502882185422963,False,strategy,Stage 1
1,547,-7252388727695092639,0.42490521452776003,False,strategy,Stage 1
1,548,-4481590449370265839,0.4248846692505255,False,strategy,Stage 1
1,549,-5455161934230582449,0.42488227274345325,False,strategy,Stage 1
1,550,1126283911154328218,0.42470798734395365,False,strategy,Stage 1
1,551,8121662582802157640,0.4239641854995685,False,strategy,Stage 1
1,552,-6928015056662659437,0.42359715384092594,False,strategy,Stage 1
1,553,-4343707173323299054,0.4235750122462877,False,strategy,Stage 1
1,554,-8344686505588244366,0.4231864955438006,False,strategy,Stage 1
1,555,-9049501655688534211,0.4230661282061853,False,strategy,Stage 1
1,556,2831277471867020979,0.4229050645944946,False,strategy,Stage 1
1,557,1766733551545230292,0.4226383504812066,False,strategy,Stage 1
1,558,-3994984256190810375,0.42257338607693884,False,strategy,Stage 1
1,559,2704168536260919030,0.4224712314419027,False,strategy,Stage 1
1,560,-4001624325684685154,0.42226105748033105,False,strategy,Stage 1
1,561,3264603375885355032,0.42189163291833653,False,strategy,Stage 1
1,562,3744290038567938152,0.4218731977055945,False,strategy,Stage 1
1,563,-320877188163834546,0.4218024313404699,False,strategy,Stage 1
1,564,8760519286873625862,0.421338773690025,False,strategy,Stage 1
1,565,-4457730604504483794,0.4211541759120953,False,strategy,Stage 1
1,566,-5101416177151392734,0.4210849335914364,False,strategy,Stage 1
1,567,1647809654829088051,0.4210350894974544,False,strategy,Stage 1
1,568,6390803245643986387,0.42054625984897076,False,strategy,Stage 1
1,569,5012605668716797903,0.4203407310516884,False,strategy,Stage 1
1,570,-9207233788336552238,0.4202965615686708,False,strategy,Stage 1
1,571,4767815952132817782,0.42007337006987433,False,strategy,Stage 1
1,572,-5293063180989171746,0.4200257737605644,False,strategy,Stage 1
1,573,-5761665652577894617,0.4193972186514185,False,strategy,Stage 1
1,574,5156847712146087697,0.41931173320837334,False,strategy,Stage 1
1,575,8783266960978651729,0.4191675770704161,False,strategy,Stage 1
1,576,8023475264095469035,0.419157493145668,False,strategy,Stage 1
1,577,-1928588487935542720,0.41894413714388556,False,strategy,Stage 1
1,578,-1875584066654578465,0.4185705478112915,False,strategy,Stage 1
1,579,-3496498110043824107,0.41803811143294156,False,strategy,Stage 1
1,580,3121930068453743701,0.4176770623600735,False,strategy,Stage 1
1,581,4558775440943832279,0.4171827637171001,False,strategy,Stage 1
1,582,512998855444389706,0.41696341149326094,False,strategy,Stage 1
1,583,-7303079091424473513,0.41603357065325897,False,strategy,Stage 1
1,584,-3025365118974576438,0.4159602927677897,False,strategy,Stage 1
1,585,8775089563348021593,0.4158768598058882,False,strategy,Stage 1
1,586,-5250587483410641855,0.4155955082145831,False,strategy,Stage 1
1,587,8913612147422564775,0.41549923853317594,False,strategy,Stage 1
1,588,1436321921563232170,0.4149287090905655,False,strategy,Stage 1
1,589,8158711752809435952,0.4143956636787747,False,strategy,Stage 1
1,590,-3750677071909507953,0.4142151615394372,False,strategy,Stage 1
1,591,-6038012257530889611,0.4140680995054556,False,strategy,Stage 1
1,592,7787447387962952910,0.4140489503355299,False,strategy,Stage 1
1,593,4110923008122349364,0.4138801765875466,False,strategy,Stage 1
1,594,-712955152542467909,0.41367349387402036,False,strategy,Stage 1
1,595,5522358851439658780,0.4136444618099596,False,strategy,Stage 1
1,596,-2208707734188474660,0.41294865638949296,False,strategy,Stage 1
1,597,1351021271905570491,0.41249006133189436,False,strategy,Stage 1
1,598,-926803778674490127,0.41235404568928896,False,strategy,Stage 1
1,599,1164675066254128279,0.4123039448205483,False,strategy,Stage 1
1,600,99075786018264143,0.4121084295639608,False,strategy,Stage 1
1,601,-5501503385264471690,0.4118831143769245,False,strategy,Stage 1
1,602,4927212281027251376,0.4116957454423026,False,strategy,Stage 1
1,603,242911838348801975,0.41161540188474827,False,strategy,Stage 1
1,604,-3023898594723085139,0.41108012298083124,False,strategy,Stage 1
1,605,7035470374598542420,0.41107727195745214,False,strategy,Stage 1
1,606,6483215569167484870,0.41098677769950265,False,strategy,Stage 1
1,607,8827562855221936496,0.4109356447497362,False,strategy,Stage 1
1,608,-1463347318950288376,0.41092599598478957,False,strategy,Stage 1
1,609,-4493197083501420284,0.4107363760590101,False,strategy,Stage 1
1,610,8411042645464208676,0.4100917478229841,False,strategy,Stage 1
1,611,8704725112588402904,0.4099089451297969,False,strategy,Stage 1
1,612,-3865676126385248568,0.409685575512296,False,strategy,Stage 1
1,613,-8588420991910540137,0.409591697745873,False,strategy,Stage 1
1,614,8991748219114151879,0.40951359830303996,False,strategy,Stage 1
1,615,-3933076765664538025,0.4092604025550843,False,strategy,Stage 1
1,616,-8787714650146898234,0.4090617064973769,False,strategy,Stage 1
1,617,7356421993137913084,0.40894609563125145,False,strategy,Stage 1
1,618,4704045429314523961,0.4089301056708239,False,strategy,Stage 1
1,619,-1841409659952901237,0.40877709211796964,False,strategy,Stage 1
1,620,-4999132359719503386,0.4083803066596592,False,strategy,Stage 1
1,621,9136736840602190109,0.4082189211693863,False,strategy,Stage 1
1,622,-5932208730457749385,0.40797400457733424,False,strategy,Stage 1
1,623,-1400399963396928382,0.4077860194731033,False,strategy,Stage 1
1,624,5772111396085445250,0.40744581039517114,False,strategy,Stage 1
1,625,-3061326427974889953,0.40734124953721695,False,strategy,Stage 1
1,626,-5184058712545473903,0.40721558855228657,False,strategy,Stage 1
1,627,-5500695297574265337,0.4070970702512698,False,strategy,Stage 1
1,628,579697593066573452,0.40709388278866754,False,strategy,Stage 1
1,629,-5796554849086123005,0.40703930678598343,False,strategy,Stage 1
1,630,5666975366570146633,0.407029969995993,False,strategy,Stage 1
1,631,3823503433051937509,0.40698700612987115,False,strategy,Stage 1
1,632,-5002375288627477370,0.40686374502997963,False,strategy,Stage 1
1,633,6306553645471825479,0.4065667520209141,False,strategy,Stage 1
1,634,-8967277114682238184,0.40623442255830794,False,strategy,Stage 1
1,635,2578003476798596447,0.4061541054748023,False,strategy,Stage 1
1,636,-8606689590196501344,0.4061312298852258,False,strategy,Stage 1
1,637,-2701390868667367878,0.4060520535296158,False,strategy,Stage 1
1,638,2503748280323386349,0.4056700845221116,False,strategy,Stage 1
1,639,-2944523335976407963,0.4055996313084379,False,strategy,Stage 1
1,640,3674215807325853722,0.4053928036654046,False,strategy,Stage 1
1,641,-7820760508806868389,0.40483334620770783,False,strategy,Stage 1
1,642,-4482068616568420698,0.40475177214677294,False,strategy,Stage 1
1,643,6600656788716176155,0.404625564613794,False,strategy,Stage 1
1,644,438656292625607596,0.4045832602907806,False,strategy,Stage 1
1,645,-2656775354938228253,0.40436452920631766,False,strategy,Stage 1
1,646,7553625957682783073,0.4041589070549771,False,strategy,Stage 1
1,647,-5187677398443694224,0.40365961739118883,False,strategy,Stage 1
1,648,4729191148407211629,0.40352800696340213,False,strategy,Stage 1
1,649,-1833765222785627096,0.4034910088759891,False,strategy,Stage 1
1,650,-293335641801639763,0.4031278834584925,False,strategy,Stage 1
1,651,-1257489408566015490,0.4031053955315672,False,strategy,Stage 1
1,652,834713609122844145,0.4029982179356757,False,strategy,Stage 1
1,653,5694638105716185,0.4029016413123915,False,strategy,Stage 1
1,654,8027358334806723081,0.4025878778789467,False,strategy,Stage 1
1,655,6489486890672035455,0.40217439259645904,False,strategy,Stage 1
1,656,-1001217304147527670,0.4018986581165238,False,strategy,Stage 1
1,657,-4389753805354420776,0.401765692077896,False,strategy,Stage 1
1,658,-4622430680484297527,0.4016622070105227,False,strategy,Stage 1
1,659,3731194987998855244,0.40154802498631215,False,strategy,Stage 1
1,660,-6607279054329612208,0.4014272741688908,False,strategy,Stage 1
1,661,-751210195551374144,0.40102352759715726,False,strategy,Stage 1
1,662,-1991020446659177944,0.4009765950306153,False,strategy,Stage 1
1,663,-4505828024057180901,0.4006788566982106,False,strategy,Stage 1
1,664,1269202729662639901,0.4006785344541369,False,strategy,Stage 1
1,665,-7594675635888570078,0.4004001591746766,False,strategy,Stage 1
1,666,-327678426406970300,0.40023766640691033,False,strategy,Stage 1
1,667,3860272295578323588,0.40001538735817116,False,strategy,Stage 1
1,668,-6322475511352861024,0.3998892605256797,False,strategy,Stage 1
1,669,272577512213394452,0.3997212387752622,False,strategy,Stage 1
1,670,5978378460051671234,0.39969568793728205,False,strategy,Stage 1
1,671,4574362386768169687,0.399128668241544,False,strategy,Stage 1
1,672,4188187547027649922,0.3990714710063715,False,strategy,Stage 1
1,673,-926667459872239455,0.39876886065615913,False,strategy,Stage 1
1,674,-1585542012510425495,0.39869944974488236,False,strategy,Stage 1
1,675,3013146854564286440,0.3986796763733976,False,strategy,Stage 1
1,676,8510076219344411234,0.39864374671504293,False,strategy,Stage 1
1,677,6441523915654691357,0.3985844115939635,False,strategy,Stage 1
1,678,5166712478661674086,0.39842658397219466,False,strategy,Stage 1
1,679,4003727392775462288,0.3981652610208967,False,strategy,Stage 1
1,680,-6274862854092234472,0.39816072521223783,False,strategy,Stage 1
1,681,4867399500042369563,0.3973855240138994,False,strategy,Stage 1
1,682,3276415822857715452,0.39734005402103734,False,strategy,Stage 1
1,683,-4641089550586240417,0.39726183113684144,False,strategy,Stage 1
1,684,5766344483021476161,0.39712098533856116,False,strategy,Stage 1
1,685,-1292940121528005133,0.39708785084340187,False,strategy,Stage 1
1,686,3787363021899909772,0.39593456935242866,False,strategy,Stage 1
1,687,-1126086838173339658,0.3957473346125715,False,strategy,Stage 1
1,688,2194516016360975546,0.3954341923704192,False,strategy,Stage 1
1,689,-782464072501423754,0.39476785257936425,False,strategy,Stage 1
1,690,3667387231624669997,0.39459961771164753,False,strategy,Stage 1
1,691,150367626815234732,0.3937627722883281,False,strategy,Stage 1
1,692,3756318433529429133,0.3937613437995531,False,strategy,Stage 1
1,693,8194566209093979800,0.39339469776656477,False,strategy,Stage 1
1,694,5324412430115781506,0.3933598720866902,False,strategy,Stage 1
1,695,4735781788362249271,0.3931735400170237,False,strategy,Stage 1
1,696,1757759896462956985,0.39276348938311956,False,strategy,Stage 1
1,697,3990469251385802247,0.39263550067342334,False,strategy,Stage 1
1,698,8222879959615504938,0.3917847260623286,False,strategy,Stage 1
1,699,3323796162438265996,0.3917006933058659,False,strategy,Stage 1
1,700,483294861243338212,0.3914170157940855,False,strategy,Stage 1
1,701,-3729921664650799117,0.38956107742731516,False,strategy,Stage 1
1,702,-3008965089162740078,0.3894986848915921,False,strategy,Stage 1
1,703,558364374016817465,0.3894914281486607,False,strategy,Stage 1
1,704,-8258653826472452225,0.38908318051166024,False,strategy,Stage 1
1,705,-3694966846837983802,0.3878366538111484,False,strategy,Stage 1
1,706,7210336286253833202,0.38779870408912637,False,strategy,Stage 1
1,707,4659699256303214692,0.3861092559855762,False,strategy,Stage 1
1,708,3297424915606355961,0.3860413922824483,False,strategy,Stage 1
1,709,3209042028534983730,0.38560770955185064,False,strategy,Stage 1
1,710,-105291876395743443,0.3846868723522274,False,strategy,Stage 1
1,711,2745589523922268869,0.38352901506152004,False,strategy,Stage 1
1,712,-492792059325300788,0.3803023961996427,False,strategy,Stage 1
1,713,-7995730641219792101,0.3801896786207422,False,strategy,Stage 1
1,714,-1853947672102867013,0.3796973005352591,False,strategy,Stage 1
1,715,-4753475955642474523,0.3789944319368431,False,strategy,Stage 1
1,716,1598227677313435569,0.377597478144067,False,strategy,Stage 1
1,717,-3005116473102266846,0.375564861953685,False,strategy,Stage 1
1,718,-4956393562255774942,0.3752384312955694,False,strategy,Stage 1
1,719,5354324760194572657,0.3706825000687695,False,strategy,Stage 1
1,720,-2911104833012797211,0.36699452579915837,False,strategy,Stage 1
